-- MySQL dump 10.13  Distrib 8.0.41, for Win64 (x86_64)
--
-- Host: localhost    Database: news_db
-- ------------------------------------------------------
-- Server version	8.0.41

/*!40101 SET @OLD_CHARACTER_SET_CLIENT=@@CHARACTER_SET_CLIENT */;
/*!40101 SET @OLD_CHARACTER_SET_RESULTS=@@CHARACTER_SET_RESULTS */;
/*!40101 SET @OLD_COLLATION_CONNECTION=@@COLLATION_CONNECTION */;
/*!50503 SET NAMES utf8 */;
/*!40103 SET @OLD_TIME_ZONE=@@TIME_ZONE */;
/*!40103 SET TIME_ZONE='+00:00' */;
/*!40014 SET @OLD_UNIQUE_CHECKS=@@UNIQUE_CHECKS, UNIQUE_CHECKS=0 */;
/*!40014 SET @OLD_FOREIGN_KEY_CHECKS=@@FOREIGN_KEY_CHECKS, FOREIGN_KEY_CHECKS=0 */;
/*!40101 SET @OLD_SQL_MODE=@@SQL_MODE, SQL_MODE='NO_AUTO_VALUE_ON_ZERO' */;
/*!40111 SET @OLD_SQL_NOTES=@@SQL_NOTES, SQL_NOTES=0 */;

--
-- Table structure for table `data_sources`
--

DROP TABLE IF EXISTS `data_sources`;
/*!40101 SET @saved_cs_client     = @@character_set_client */;
/*!50503 SET character_set_client = utf8mb4 */;
CREATE TABLE `data_sources` (
  `id` int NOT NULL AUTO_INCREMENT,
  `data_publisher` varchar(255) COLLATE utf8mb4_unicode_ci DEFAULT NULL COMMENT '数据发布者',
  `publish_time` datetime DEFAULT NULL COMMENT '发布时间',
  `original_data_link` text COLLATE utf8mb4_unicode_ci COMMENT '原数据链接',
  PRIMARY KEY (`id`)
) ENGINE=InnoDB AUTO_INCREMENT=680 DEFAULT CHARSET=utf8mb4 COLLATE=utf8mb4_unicode_ci;
/*!40101 SET character_set_client = @saved_cs_client */;

--
-- Dumping data for table `data_sources`
--

LOCK TABLES `data_sources` WRITE;
/*!40000 ALTER TABLE `data_sources` DISABLE KEYS */;
INSERT INTO `data_sources` VALUES (559,'来源：中国日报网','2025-06-17 18:50:00','https://hain.chinadaily.com.cn/a/202506/17/WS6851487fa310205377038a2b.html'),(560,'来源：中国日报网','2025-06-17 16:52:00','https://fj.chinadaily.com.cn/a/202506/17/WS68512cc2a3102053770389a5.html'),(561,'来源：鲁网','2025-06-17 15:49:00','https://cn.chinadaily.com.cn/a/202506/17/WS68512055a310205377038941.html'),(562,'来源：日照新闻网','2025-06-17 12:49:00','https://cnews.chinadaily.com.cn/a/202506/17/WS6850f61aa3102053770387c8.html'),(563,'来源：人民日报客户端','2025-06-16 09:26:00','https://china.chinadaily.com.cn/a/202506/16/WS684f742fa3102053770382d3.html'),(564,'来源：央视新闻','2025-06-15 21:17:00','https://china.chinadaily.com.cn/a/202506/15/WS684ec816a310205377038294.html'),(565,'来源：中国日报网','2025-06-15 20:58:00','https://hain.chinadaily.com.cn/a/202506/15/WS684ec37ca31020537703828c.html'),(566,'来源：中国台湾网','2025-06-12 14:27:00','https://tw.chinadaily.com.cn/a/202506/12/WS684a73d1a310205377037b99.html'),(567,'来源：周口网','2025-06-12 13:24:00','https://cnews.chinadaily.com.cn/a/202506/12/WS684a767ea310205377037bc0.html'),(568,'来源：中国日报网','2025-06-12 12:01:00','https://china.chinadaily.com.cn/a/202506/12/WS684a5136a310205377037ad8.html'),(569,'来源：中国日报网','2025-06-12 12:00:00','https://cn.chinadaily.com.cn/a/202506/12/WS684a50eea310205377037ad5.html'),(570,'来源：周口网','2025-06-12 11:32:00','https://cnews.chinadaily.com.cn/a/202506/12/WS684a6d23a310205377037b32.html'),(571,'来源：中国经济网','2025-06-12 07:56:00','https://caijing.chinadaily.com.cn/a/202506/12/WS684a1800a310205377037a28.html'),(621,'来源：新华网','2025-06-17 19:58:00','https://cn.chinadaily.com.cn/a/202506/17/WS6851840da310205377038a72.html'),(622,'来源：新华社','2025-06-17 19:54:00','https://china.chinadaily.com.cn/a/202506/17/WS685157dfa310205377038a45.html'),(623,'来源：央视新闻客户端','2025-06-15 09:17:00','https://cn.chinadaily.com.cn/a/202506/15/WS684e2057a3102053770381aa.html'),(624,'来源：央视新闻客户端','2025-06-15 09:16:00','https://cn.chinadaily.com.cn/a/202506/15/WS684e2022a3102053770381a9.html'),(625,'来源：新华网','2025-06-15 06:37:00','https://cn.chinadaily.com.cn/a/202506/15/WS684dfbd2a310205377038193.html'),(626,'来源：央视新闻','2025-06-14 08:39:00','https://cn.chinadaily.com.cn/a/202506/14/WS684cc578a310205377038077.html'),(627,'来源：鲁网','2025-06-13 14:27:00','https://cn.chinadaily.com.cn/a/202506/13/WS684bcaeca310205377037eba.html'),(628,'来源：新华网','2025-06-13 07:51:00','https://cn.chinadaily.com.cn/a/202506/13/WS684b67f1a310205377037d33.html'),(629,'来源：东方网','2025-06-12 09:21:00','https://cnews.chinadaily.com.cn/a/202506/12/WS684a6b20a310205377037b00.html'),(630,'来源：贵州日报','2025-06-17 17:26:00','https://cn.chinadaily.com.cn/a/202506/17/WS68513541a3102053770389f3.html'),(631,'来源：鲁网','2025-06-17 12:29:00','https://cn.chinadaily.com.cn/a/202506/17/WS68510951a310205377038876.html'),(632,'来源：鲁网','2025-06-17 12:24:00','https://cn.chinadaily.com.cn/a/202506/17/WS68510b67a31020537703888d.html'),(633,'来源：周口网','2025-06-17 11:22:00','https://cnews.chinadaily.com.cn/a/202506/17/WS6850f81ca3102053770387d4.html'),(634,'来源：人民网－吉林频道','2025-06-17 10:57:00','https://jl.chinadaily.com.cn/a/202506/17/WS6850da1ba31020537703875c.html'),(635,'来源：中国日报网','2025-06-17 10:30:00','https://china.chinadaily.com.cn/a/202506/17/WS6850de12a31020537703878f.html'),(637,'来源：中国日报网','2025-06-17 21:02:00','https://cn.chinadaily.com.cn/a/202506/17/WS68516759a310205377038a54.html'),(638,'来源：央视新闻客户端','2025-06-17 15:25:00','https://cn.chinadaily.com.cn/a/202506/17/WS685118aaa31020537703891f.html'),(639,'来源：中国日报网','2025-06-16 19:11:00','https://sh.chinadaily.com.cn/a/202506/16/WS684ffbe7a31020537703861d.html'),(640,'来源：东方网','2025-06-16 09:14:00','https://cnews.chinadaily.com.cn/a/202506/16/WS684f8284a31020537703830b.html'),(641,'来源：中国证券报','2025-06-16 07:53:00','https://caijing.chinadaily.com.cn/a/202506/16/WS684f5db2a3102053770382a5.html'),(642,'来源：中国日报','2025-06-15 12:33:00','https://cn.chinadaily.com.cn/a/202506/15/WS684e4d31a3102053770381cc.html'),(643,'来源：新华网','2025-06-10 16:41:00','https://cnews.chinadaily.com.cn/a/202506/10/WS6847f23da310205377037633.html'),(644,'来源：中国日报网','2025-06-10 16:11:00','https://cn.chinadaily.com.cn/a/202506/10/WS6847e8b5a3102053770375de.html'),(645,'来源：人民网','2025-06-09 17:27:00','https://bj.chinadaily.com.cn/a/202506/09/WS6846a9f7a310205377037364.html'),(646,'来源：鲁网','2025-06-09 15:40:00','https://cn.chinadaily.com.cn/a/202506/09/WS684693b6a3102053770372c6.html'),(647,'来源：上观新闻','2025-06-07 19:18:00','https://sh.chinadaily.com.cn/a/202506/07/WS6844202fa310205377036fb3.html'),(648,'来源：中国日报网','2025-06-07 16:11:00','https://zj.chinadaily.com.cn/a/202506/07/WS6843f425a310205377036f89.html'),(649,'来源：东方网','2025-06-06 10:40:00','https://cnews.chinadaily.com.cn/a/202506/06/WS68428db1a310205377036d6c.html'),(650,'来源：央视网','2025-06-05 16:18:00','https://china.chinadaily.com.cn/a/202506/05/WS68415a31a310205377036a81.html'),(651,'来源：鲁网','2025-06-05 16:01:00','https://cn.chinadaily.com.cn/a/202506/05/WS68415c7ca310205377036aa0.html'),(652,'来源：鲁网','2025-06-05 15:44:00','https://cn.chinadaily.com.cn/a/202506/05/WS684161afa310205377036b17.html'),(653,'来源：日照新闻网','2025-06-13 16:43:00','https://cnews.chinadaily.com.cn/a/202506/13/WS684be51da310205377037fb7.html'),(654,'来源：中国日报网','2025-06-13 14:30:00','https://bj.chinadaily.com.cn/a/202506/13/WS684bc58da310205377037e9a.html'),(655,'来源：东方网','2025-06-12 11:14:00','https://cnews.chinadaily.com.cn/a/202506/12/WS684a776aa310205377037bd0.html'),(656,'来源：东方网','2025-06-10 13:51:00','https://cnews.chinadaily.com.cn/a/202506/10/WS6847d1b3a31020537703755d.html'),(657,'来源：中国日报网','2025-06-04 18:07:00','https://cn.chinadaily.com.cn/a/202506/04/WS68401ae3a3102053770367a2.html'),(658,'来源：央视新闻','2025-05-27 14:59:00','https://china.chinadaily.com.cn/a/202505/27/WS68356523a310205377035333.html'),(659,'来源：周口网','2025-05-27 10:09:00','https://cnews.chinadaily.com.cn/a/202505/27/WS6835581ba3102053770352a1.html'),(660,'来源：中国日报网','2025-05-26 17:32:00','https://cn.chinadaily.com.cn/a/202505/26/WS68343524a31020537703503a.html'),(661,'来源：央视新闻','2025-05-25 09:37:00','https://cn.chinadaily.com.cn/a/202505/25/WS68327611a310205377034cd3.html'),(662,'来源：鲁网','2025-05-20 15:12:00','https://cn.chinadaily.com.cn/a/202505/20/WS682c2c6da310205377034037.html'),(663,'来源：中国日报网','2025-05-19 16:40:00','https://cn.chinadaily.com.cn/a/202505/19/WS682aee95a310205377033d40.html'),(664,'来源：中国日报网','2025-05-18 20:55:00','https://bj.chinadaily.com.cn/a/202505/18/WS6829d8d2a310205377033a7b.html'),(665,'来源：石榴云新疆日报原创','2025-05-17 14:38:00','https://cn.chinadaily.com.cn/a/202505/17/WS68282ef9a31020537703392b.html'),(666,'来源：鲁网','2025-05-16 14:54:00','https://cn.chinadaily.com.cn/a/202505/16/WS6826e246a310205377033733.html'),(667,'来源：央视网','2025-05-16 09:57:00','https://cn.chinadaily.com.cn/a/202505/16/WS68269d1fa3102053770335b1.html'),(668,'来源：中国日报网','2025-05-15 15:01:00','https://js.chinadaily.com.cn/a/202505/15/WS6825912fa310205377033424.html'),(669,'来源：东方网','2025-05-14 14:07:00','https://cnews.chinadaily.com.cn/a/202505/14/WS68245c24a310205377033219.html'),(670,'来源：四川在线','2025-06-20 22:40:00','https://cn.chinadaily.com.cn/a/202506/20/WS685572d5a31009d21e5bdc72.html'),(671,'来源：新华社','2025-06-20 21:16:00','https://cn.chinadaily.com.cn/a/202506/20/WS685570aca31009d21e5bdc6e.html'),(672,'来源：周口网','2025-06-20 16:08:00','https://cnews.chinadaily.com.cn/a/202506/20/WS685525caa3102053770394c5.html'),(673,'来源：鲁网','2025-06-19 15:19:00','https://cn.chinadaily.com.cn/a/202506/19/WS6853bc52a310205377039047.html'),(674,'来源：周口网','2025-06-19 14:53:00','https://cnews.chinadaily.com.cn/a/202506/19/WS6853b6b2a310205377039009.html'),(675,'来源：中国日报网','2025-06-19 13:21:00','https://xj.chinadaily.com.cn/a/202506/19/WS68539e65a310205377038f1b.html'),(676,'来源：东方网','2025-06-19 13:06:00','https://cnews.chinadaily.com.cn/a/202506/19/WS6853b1dda310205377038ff5.html'),(677,'来源：鲁网','2025-06-19 12:57:00','https://cn.chinadaily.com.cn/a/202506/19/WS6853aaa8a310205377038fb4.html'),(678,'来源：中国日报网','2025-06-19 11:31:00','https://gd.chinadaily.com.cn/a/202506/19/WS685384a6a310205377038eda.html'),(679,'来源：周口网','2025-06-19 09:45:00','https://cnews.chinadaily.com.cn/a/202506/19/WS685375eda310205377038e9a.html');
/*!40000 ALTER TABLE `data_sources` ENABLE KEYS */;
UNLOCK TABLES;

--
-- Table structure for table `images`
--

DROP TABLE IF EXISTS `images`;
/*!40101 SET @saved_cs_client     = @@character_set_client */;
/*!50503 SET character_set_client = utf8mb4 */;
CREATE TABLE `images` (
  `id` int NOT NULL AUTO_INCREMENT,
  `url` text COLLATE utf8mb4_unicode_ci NOT NULL COMMENT '图片URL',
  `description` text COLLATE utf8mb4_unicode_ci COMMENT '图片描述',
  `news_webpage_id` int DEFAULT NULL COMMENT '关联的新闻网页ID',
  PRIMARY KEY (`id`),
  KEY `news_webpage_id` (`news_webpage_id`),
  CONSTRAINT `images_ibfk_1` FOREIGN KEY (`news_webpage_id`) REFERENCES `news_webpages` (`id`)
) ENGINE=InnoDB AUTO_INCREMENT=680 DEFAULT CHARSET=utf8mb4 COLLATE=utf8mb4_unicode_ci;
/*!40101 SET character_set_client = @saved_cs_client */;

--
-- Dumping data for table `images`
--

LOCK TABLES `images` WRITE;
/*!40000 ALTER TABLE `images` DISABLE KEYS */;
INSERT INTO `images` VALUES (559,'https://img3.chinadaily.com.cn/images/202506/17/6851487fa31020535fcac899.jpeg','中美青少年文化交流活动在海南开启，深化国际友谊新篇章相关图片',559),(560,'https://img3.chinadaily.com.cn/images/202506/17/68512cc2a31020535fcac636.jpeg','海峡论坛两岸茶人以茶为媒促融合 美人茶成为融合发展经典范例相关图片',560),(561,'https://cds.chinadaily.com.cn/dams/capital/image/202506/17/68511f9a6b8efd9fa63e97f4_m.png','蔚蓝一代 联合国海洋大会边会圆满落幕，教育和赋能青少年参与海洋保护，共护珍贵蓝色家园相关图片',561),(562,'https://cds.chinadaily.com.cn/dams/capital/image/202506/17/6850f3ea6b8efd9fa63e8c24_m.png','齐聚众多粤港澳大湾区创新机构   助力莞揭飞地高质量发展相关图片',562),(563,'https://img3.chinadaily.com.cn/images/202506/16/684f778fa31020535fcaafbd.jpeg','历史“深”一度·这条路，习主席为何称其“名垂青史”？相关图片',563),(564,'https://img3.chinadaily.com.cn/images/202506/15/684ec816a31020535fcaaec5.jpeg','深观察丨美式关税恶果：在损人和害己之间循环相关图片',564),(565,'https://img3.chinadaily.com.cn/images/202506/15/684ec37ca31020535fcaaea5.jpeg','2025中美（海南）青少年文化交流团抵琼，民间友好交流再添新篇相关图片',565),(566,'https://cds.chinadaily.com.cn/dams/capital/image/202506/12/684a734b6b8efd9fa638774d_m.jpg','国防部回应“含台量”猛增 批美、打“独”、促统三管齐下相关图片',566),(567,'https://cds.chinadaily.com.cn/dams/capital/image/202506/12/684a75d96b8efd9fa6387cdd_m.jpg','西南小厂如何蝶变为领军企业相关图片',567),(568,'https://img3.chinadaily.com.cn/images/202506/12/684a5136a31020535fca9289.jpeg','越南学者直言：关税加剧美内忧外患，与华合作才是正解相关图片',568),(569,'https://img3.chinadaily.com.cn/images/202506/12/684a50eea31020535fca927e.jpeg','和评理｜解决贸易争端，还需美国回归理性相关图片',569),(570,'https://cds.chinadaily.com.cn/dams/capital/image/202506/12/684a6bce6b8efd9fa6386327_m.png','川浙联动再添智力引擎！四川省浙江大学校友会继续教育学院分会成立相关图片',570),(571,'https://cds.chinadaily.com.cn/dams/capital/image/202506/12/684a17ad6b8efd9fa637c15c_m.jpg','日美关税谈判前景“疑云密布”相关图片',571),(621,'https://img3.chinadaily.com.cn/images/202506/17/6851840da31020535fcaca2e.jpeg','习近平：各方应该推动中东局势尽快降温相关图片',621),(622,'https://cds.chinadaily.com.cn/dams/capital/image/202506/17/6851577e6b8efd9fa63e9f46_m.jpg','习近平会见乌兹别克斯坦总统米尔济约耶夫相关图片',622),(623,'https://cds.chinadaily.com.cn/dams/capital/image/202506/15/684e1f406b8efd9fa63e5741_m.jpg','欧盟呼吁伊以双方保持克制 避免局势危险升级相关图片',623),(624,'https://cds.chinadaily.com.cn/dams/capital/image/202506/15/684e1ee16b8efd9fa63e573f_m.jpg','伊朗多枚导弹袭击以色列特拉维夫 多人受伤相关图片',624),(625,'https://cds.chinadaily.com.cn/dams/capital/image/202506/15/684df9a76b8efd9fa63e56d9_m.jpg','以伊冲突扩大 多国呼吁保持克制相关图片',625),(626,'https://cds.chinadaily.com.cn/dams/capital/image/202506/14/684cc4cc6b8efd9fa63c9fb8_m.jpg','多地航司暂停往返以色列、伊朗地区的航班相关图片',626),(627,'https://cds.chinadaily.com.cn/dams/capital/image/202506/13/684bc5a36b8efd9fa63add69_m.png','CPHI & PMEC China 2025蓄势待发，共筑中国医药国际化新纪元相关图片',627),(628,'https://cds.chinadaily.com.cn/dams/capital/image/202506/13/684b67726b8efd9fa63a388e_m.jpg','联大通过决议要求以巴冲突方立即无条件永久停火相关图片',628),(629,'https://cds.chinadaily.com.cn/dams/capital/image/202506/12/684a6a3f6b8efd9fa6385e78_m.png','全球首款千安时电池率先量产，海辰储能开启长时储能规模化应用时代相关图片',629),(630,'https://cds.chinadaily.com.cn/dams/capital/image/202506/17/685134a46b8efd9fa63e9e84_m.png','贵州算力 | 贵安新区：“算”出蓬勃生产力相关图片',630),(631,'https://cds.chinadaily.com.cn/dams/capital/image/202506/17/685107b66b8efd9fa63e92a8_m.png','同研乐教皖东行 精准教学再探究相关图片',631),(632,'https://cds.chinadaily.com.cn/dams/capital/image/202506/17/685102ac6b8efd9fa63e8ff6_m.jpg','企知道联袂济南敬贤集团， 科创+商贸双平台赋能华北三省产业升级相关图片',632),(633,'https://cds.chinadaily.com.cn/dams/capital/image/202506/17/6850f7ce6b8efd9fa63e8cee_m.jpg','以创新为翼，政务服务再升级相关图片',633),(634,'https://cds.chinadaily.com.cn/dams/capital/image/202506/17/6850d9a76b8efd9fa63e8029_m.jpg','高质量发展看汽开 | 营商环境“主引擎” 轰响高质量发展新赛道相关图片',634),(635,'https://cds.chinadaily.com.cn/dams/capital/image/202506/17/6850dddf6b8efd9fa63e8231_m.jpg','慧博云通携金融科技解决方案亮相上交会，展示数据智能创新成果相关图片',635),(637,'https://img3.chinadaily.com.cn/images/202506/17/68516759a31020535fcac982.png','退休不褪色 七旬科研人开启品质养老生活相关图片',637),(638,'https://cds.chinadaily.com.cn/dams/capital/image/202506/17/6851181e6b8efd9fa63e9702_m.jpg','首颗、首例、首座！上周末被这些新突破“硬控”相关图片',638),(639,'https://img3.chinadaily.com.cn/images/202506/16/684ffbe7a31020535fcabbbe.jpeg','2025“恒·爱”乳腺癌患者关爱活动举行 点亮身心康复之路相关图片',639),(640,'https://cds.chinadaily.com.cn/dams/capital/image/202506/16/684f813b6b8efd9fa63e5caf_m.png','科技创新·科普惠民 iRest艾力斯特温州国际康复大会共研AI新发展相关图片',640),(641,'https://cds.chinadaily.com.cn/dams/capital/image/202506/16/684f5cfa6b8efd9fa63e5afa_m.jpg','用意念玩游戏？我国成功开展首例侵入式脑机接口临床试验相关图片',641),(642,'https://img3.chinadaily.com.cn/images/202506/15/684e4d31a31020535fcaa994.jpeg','第二届中国健康促进大会在上海召开——提升健康素养 共创健康未来相关图片',642),(643,'https://cds.chinadaily.com.cn/dams/capital/image/202506/10/6847efb66b8efd9fa633c85c_m.png','盛大天地深耕张江  做科创共生共荣体系的践行者相关图片',643),(644,'https://img3.chinadaily.com.cn/images/202506/10/6847e8b5a31020535fca82d5.png','禅商对话千年和鸣：新兴禅文化节演绎智慧传承新范式相关图片',644),(645,'https://cds.chinadaily.com.cn/dams/capital/image/202506/09/6846a9016b8efd9fa631b259_m.png','2025国民视觉健康科普行动正式启动相关图片',645),(646,'https://cds.chinadaily.com.cn/dams/capital/image/202506/09/6846930f6b8efd9fa6318461_m.png','中国禅都·新兴首届禅文化节开幕仪式暨主题交流会圆满举办：传承千年智慧，开启现代新篇相关图片',646),(647,'https://cds.chinadaily.com.cn/dams/capital/image/202506/07/684420166b8efd9fa62c1f2c_m.jpg','一起来听“博物馆里的思政课”，沪上高校—红色场馆团建联盟成立相关图片',647),(648,'https://img3.chinadaily.com.cn/images/202506/07/6843f425a31020535fca6c11.jpeg','姚克主刀全国首例预装式焦深延长散光矫正型人工晶状体植入手术——爱眼日前夕，她实现了视觉自由相关图片',648),(649,'https://cds.chinadaily.com.cn/dams/capital/image/202506/06/68428d7b6b8efd9fa628eb1f_m.png','国美毕业季：校企共育培养创新人才，东方美学焕发时代生机相关图片',649),(650,'https://cds.chinadaily.com.cn/dams/capital/image/202506/05/684159c96b8efd9fa6286b0f_m.jpg','天天学习丨中南海月刊（2025.05）相关图片',650),(651,'https://cds.chinadaily.com.cn/dams/capital/image/202506/05/684158c96b8efd9fa6286a32_m.jpg','以中国洞察，参全球视野：APMMS 2025首届亚太近视管理论坛中国研讨峰会成功举办相关图片',651),(652,'https://cds.chinadaily.com.cn/dams/capital/image/202506/05/68415d416b8efd9fa6286e41_m.jpg','复旦大学外文学院联合豆包举办AI工作坊相关图片',652),(653,'https://cds.chinadaily.com.cn/dams/capital/image/202506/13/684be4b66b8efd9fa63b1b2b_m.png','618零食囤货挑花眼？好丽友承包你下半年的零食时光相关图片',653),(654,'https://img3.chinadaily.com.cn/images/202506/13/684bc58da31020535fca9e73.jpeg','莫斯科文化节在王府井步行街启幕相关图片',654),(655,'https://cds.chinadaily.com.cn/dams/capital/image/202506/12/684a74416b8efd9fa63878bf_m.png','Lavazza拉瓦萨再度牵手兰博基尼汽车 百年咖啡注入超跑速度相关图片',655),(656,'https://cds.chinadaily.com.cn/dams/capital/image/202506/10/6847d16a6b8efd9fa6339543_m.png','松果出行爱心助考 在全国多地设置“高考加油站”相关图片',656),(657,'https://img3.chinadaily.com.cn/images/202506/04/68402522a31020535fca4d3a.jpeg','海外手记 | 美国关税威力大，比利时巧克力都害怕相关图片',657),(658,'https://img3.chinadaily.com.cn/images/202505/27/68356523a31020535fc9e83c.png','端午氛围感拉满！赛龙舟、粽子、香包都有了新花样相关图片',658),(659,'https://cds.chinadaily.com.cn/dams/capital/image/202505/27/683556306b8efd9fa611df1c_m.png','千年荔枝树整树果实1元起拍！5月27日京东美食惊喜日解锁全球美味相关图片',659),(660,'https://img3.chinadaily.com.cn/images/202505/26/68343524a31020535fc9df0b.png','科技赋能油茶产业升级 健康惠民拓宽乡村振兴“国际赛道”相关图片',660),(661,'https://cds.chinadaily.com.cn/dams/capital/image/202505/25/683274396b8e07c422d01421_m.jpg','博览会好物多多 中东欧客商爱上了中国造仿生产品相关图片',661),(662,'https://cds.chinadaily.com.cn/dams/capital/image/202505/20/682c2c1a6b8e07c422cf919a_m.jpg','国际博物馆日，他们用美食重现顶级文物！相关图片',662),(663,'https://img3.chinadaily.com.cn/images/202505/19/682aee95a31020535fc99ce5.png','科技赋能传统产业升级 开启传统产业发展新模式相关图片',663),(664,'https://img3.chinadaily.com.cn/images/202505/18/6829d8d2a31020535fc99398.png','辛选助力俄罗斯红场直播电商节 杨润心带货1亿俄罗斯优品相关图片',664),(665,'https://cds.chinadaily.com.cn/dams/capital/image/202505/17/68282ed56b8e07c422cf4ab9_m.jpeg','发光发热的青春丨从零开始的课堂——谢依特小学戍边支教西部计划志愿者服务队的故事③相关图片',665),(666,'https://cds.chinadaily.com.cn/dams/capital/image/202505/16/6826e2186b8e07c422cf39c6_m.jpeg','“花开四季”五城齐宣 2025乌兰图雅全国巡演火热开启相关图片',666),(667,'https://img3.chinadaily.com.cn/images/202505/16/68269d1fa31020535fc98145.jpeg','首发经济持续激发消费新活力相关图片',667),(668,'https://img3.chinadaily.com.cn/images/202505/15/6825912fa31020535fc97ae9.jpeg','太仓高新区举办五月“项目突破日”暨提振消费专项活动相关图片',668),(669,'https://cds.chinadaily.com.cn/dams/capital/image/202505/14/68245b736b8e07c422cf12ca_m.jpg','蟹状元安康福粽：端午臻礼，粽情礼盒，品味与心意兼具！相关图片',669),(670,'https://img3.chinadaily.com.cn/images/202506/20/685572d5a31009d218b4ef11.jpeg','铭记历史 缅怀先烈丨一封感人至深的家书相关图片',670),(671,'https://img3.chinadaily.com.cn/images/202506/20/685570aca31009d218b4ef00.jpeg','铭记历史 缅怀先烈｜赵一曼：舍家卫国的巾帼英雄相关图片',671),(672,'https://cds.chinadaily.com.cn/dams/capital/image/202506/20/685525596b8efd9fa63f035b_m.jpg','书写健康中国的“少年答卷”，中国人寿寿险天津市分公司助力NYBO西青赛区青少年篮球公开赛相关图片',672),(673,'https://cds.chinadaily.com.cn/dams/capital/image/202506/19/6853bc3a6b8efd9fa63eda23_m.jpg','消防培训强意识 应急演练筑安堤——太湖县烟草专卖局（营销部）开展消防培训暨应急逃生演练相关图片',673),(674,'https://cds.chinadaily.com.cn/dams/capital/image/202506/19/6853b6686b8efd9fa63ed81a_m.jpeg','黄山之巅云端小店：海拔1700米的温暖守望相关图片',674),(675,'https://img3.chinadaily.com.cn/images/202506/19/6853b4d3a31020535fcada63.jpeg','世界防治荒漠化日：新疆和田：四翅滨藜种出治沙富民新希望相关图片',675),(676,'https://cds.chinadaily.com.cn/dams/capital/image/202506/19/6853b1186b8efd9fa63ed706_m.jpg','酷暑关怀进行时丨乌鲁木齐航空工会情系员工，夏日关怀送抵一线相关图片',676),(677,'https://cds.chinadaily.com.cn/dams/capital/image/202506/19/6853a94e6b8efd9fa63ed530_m.jpeg','东智西韵融暖意！跨域协作解锁智能温控服饰 “科技+人文”新范式相关图片',677),(678,'https://img3.chinadaily.com.cn/images/202506/19/685384a6a31020535fcad701.jpeg','正式担任“国宝导游”！大熊猫妹珠喜迎一周岁生日相关图片',678),(679,'https://cds.chinadaily.com.cn/dams/capital/image/202506/19/685374ba6b8efd9fa63ec564_m.png','把赛事级台球桌“搬”入线上 6月20日美洲豹×璟点精工球台京东限量发售相关图片',679);
/*!40000 ALTER TABLE `images` ENABLE KEYS */;
UNLOCK TABLES;

--
-- Table structure for table `keyword_fields`
--

DROP TABLE IF EXISTS `keyword_fields`;
/*!40101 SET @saved_cs_client     = @@character_set_client */;
/*!50503 SET character_set_client = utf8mb4 */;
CREATE TABLE `keyword_fields` (
  `id` int NOT NULL AUTO_INCREMENT,
  `keyword` varchar(255) COLLATE utf8mb4_unicode_ci NOT NULL COMMENT '关键字',
  PRIMARY KEY (`id`),
  UNIQUE KEY `keyword` (`keyword`),
  KEY `idx_keyword` (`keyword`)
) ENGINE=InnoDB AUTO_INCREMENT=378 DEFAULT CHARSET=utf8mb4 COLLATE=utf8mb4_unicode_ci;
/*!40101 SET character_set_client = @saved_cs_client */;

--
-- Dumping data for table `keyword_fields`
--

LOCK TABLES `keyword_fields` WRITE;
/*!40000 ALTER TABLE `keyword_fields` DISABLE KEYS */;
INSERT INTO `keyword_fields` VALUES (369,'中美'),(373,'以色列'),(375,'复旦'),(374,'大数据'),(376,'巧克力'),(377,'酷酷酷');
/*!40000 ALTER TABLE `keyword_fields` ENABLE KEYS */;
UNLOCK TABLES;

--
-- Table structure for table `news_webpage_keywords`
--

DROP TABLE IF EXISTS `news_webpage_keywords`;
/*!40101 SET @saved_cs_client     = @@character_set_client */;
/*!50503 SET character_set_client = utf8mb4 */;
CREATE TABLE `news_webpage_keywords` (
  `news_webpage_id` int NOT NULL,
  `keyword_field_id` int NOT NULL,
  PRIMARY KEY (`news_webpage_id`,`keyword_field_id`),
  KEY `keyword_field_id` (`keyword_field_id`),
  CONSTRAINT `news_webpage_keywords_ibfk_1` FOREIGN KEY (`news_webpage_id`) REFERENCES `news_webpages` (`id`),
  CONSTRAINT `news_webpage_keywords_ibfk_2` FOREIGN KEY (`keyword_field_id`) REFERENCES `keyword_fields` (`id`)
) ENGINE=InnoDB DEFAULT CHARSET=utf8mb4 COLLATE=utf8mb4_unicode_ci;
/*!40101 SET character_set_client = @saved_cs_client */;

--
-- Dumping data for table `news_webpage_keywords`
--

LOCK TABLES `news_webpage_keywords` WRITE;
/*!40000 ALTER TABLE `news_webpage_keywords` DISABLE KEYS */;
INSERT INTO `news_webpage_keywords` VALUES (559,369),(560,369),(561,369),(562,369),(563,369),(564,369),(565,369),(566,369),(567,369),(568,369),(569,369),(570,369),(571,369),(621,373),(622,373),(623,373),(624,373),(625,373),(626,373),(627,373),(628,373),(629,373),(630,374),(631,374),(632,374),(633,374),(634,374),(635,374),(637,375),(638,375),(639,375),(640,375),(641,375),(642,375),(643,375),(644,375),(645,375),(646,375),(647,375),(648,375),(649,375),(650,375),(651,375),(652,375),(653,376),(654,376),(655,376),(656,376),(657,376),(658,376),(659,376),(660,376),(661,376),(662,376),(663,376),(664,376),(665,376),(666,376),(667,376),(668,376),(669,376),(670,377),(671,377),(672,377),(673,377),(674,377),(675,377),(676,377),(677,377),(678,377),(679,377);
/*!40000 ALTER TABLE `news_webpage_keywords` ENABLE KEYS */;
UNLOCK TABLES;

--
-- Table structure for table `news_webpages`
--

DROP TABLE IF EXISTS `news_webpages`;
/*!40101 SET @saved_cs_client     = @@character_set_client */;
/*!50503 SET character_set_client = utf8mb4 */;
CREATE TABLE `news_webpages` (
  `id` int NOT NULL AUTO_INCREMENT,
  `url` text COLLATE utf8mb4_unicode_ci NOT NULL COMMENT '网页URL',
  `crawl_time` datetime DEFAULT NULL COMMENT '抓取时间',
  `visit_count` int DEFAULT '0' COMMENT '访问量',
  `news_website_id` int DEFAULT NULL COMMENT '所属网站ID',
  `data_source_id` int DEFAULT NULL COMMENT '数据源ID',
  `text_content_id` int DEFAULT NULL COMMENT '关联文本内容ID',
  PRIMARY KEY (`id`),
  UNIQUE KEY `text_content_id` (`text_content_id`),
  KEY `news_website_id` (`news_website_id`),
  KEY `data_source_id` (`data_source_id`),
  KEY `idx_crawl_time` (`crawl_time`),
  CONSTRAINT `news_webpages_ibfk_1` FOREIGN KEY (`news_website_id`) REFERENCES `news_websites` (`id`),
  CONSTRAINT `news_webpages_ibfk_2` FOREIGN KEY (`data_source_id`) REFERENCES `data_sources` (`id`),
  CONSTRAINT `news_webpages_ibfk_3` FOREIGN KEY (`text_content_id`) REFERENCES `text_contents` (`id`)
) ENGINE=InnoDB AUTO_INCREMENT=680 DEFAULT CHARSET=utf8mb4 COLLATE=utf8mb4_unicode_ci;
/*!40101 SET character_set_client = @saved_cs_client */;

--
-- Dumping data for table `news_webpages`
--

LOCK TABLES `news_webpages` WRITE;
/*!40000 ALTER TABLE `news_webpages` DISABLE KEYS */;
INSERT INTO `news_webpages` VALUES (559,'https://hain.chinadaily.com.cn/a/202506/17/WS6851487fa310205377038a2b.html','2025-06-17 21:23:34',0,559,559,559),(560,'https://fj.chinadaily.com.cn/a/202506/17/WS68512cc2a3102053770389a5.html','2025-06-17 21:23:34',0,560,560,560),(561,'https://cn.chinadaily.com.cn/a/202506/17/WS68512055a310205377038941.html','2025-06-17 21:23:34',0,561,561,561),(562,'https://cnews.chinadaily.com.cn/a/202506/17/WS6850f61aa3102053770387c8.html','2025-06-17 21:23:34',0,562,562,562),(563,'https://china.chinadaily.com.cn/a/202506/16/WS684f742fa3102053770382d3.html','2025-06-17 21:23:34',0,563,563,563),(564,'https://china.chinadaily.com.cn/a/202506/15/WS684ec816a310205377038294.html','2025-06-17 21:23:34',0,564,564,564),(565,'https://hain.chinadaily.com.cn/a/202506/15/WS684ec37ca31020537703828c.html','2025-06-17 21:23:34',0,565,565,565),(566,'https://tw.chinadaily.com.cn/a/202506/12/WS684a73d1a310205377037b99.html','2025-06-17 21:23:34',0,566,566,566),(567,'https://cnews.chinadaily.com.cn/a/202506/12/WS684a767ea310205377037bc0.html','2025-06-17 21:23:34',0,567,567,567),(568,'https://china.chinadaily.com.cn/a/202506/12/WS684a5136a310205377037ad8.html','2025-06-17 21:23:34',0,568,568,568),(569,'https://cn.chinadaily.com.cn/a/202506/12/WS684a50eea310205377037ad5.html','2025-06-17 21:23:34',0,569,569,569),(570,'https://cnews.chinadaily.com.cn/a/202506/12/WS684a6d23a310205377037b32.html','2025-06-17 21:23:34',0,570,570,570),(571,'https://caijing.chinadaily.com.cn/a/202506/12/WS684a1800a310205377037a28.html','2025-06-17 21:23:34',0,571,571,571),(621,'https://cn.chinadaily.com.cn/a/202506/17/WS6851840da310205377038a72.html','2025-06-18 10:10:05',0,621,621,621),(622,'https://china.chinadaily.com.cn/a/202506/17/WS685157dfa310205377038a45.html','2025-06-18 10:10:05',0,622,622,622),(623,'https://cn.chinadaily.com.cn/a/202506/15/WS684e2057a3102053770381aa.html','2025-06-18 10:10:05',0,623,623,623),(624,'https://cn.chinadaily.com.cn/a/202506/15/WS684e2022a3102053770381a9.html','2025-06-18 10:10:05',0,624,624,624),(625,'https://cn.chinadaily.com.cn/a/202506/15/WS684dfbd2a310205377038193.html','2025-06-18 10:10:05',0,625,625,625),(626,'https://cn.chinadaily.com.cn/a/202506/14/WS684cc578a310205377038077.html','2025-06-18 10:10:05',0,626,626,626),(627,'https://cn.chinadaily.com.cn/a/202506/13/WS684bcaeca310205377037eba.html','2025-06-18 10:10:05',0,627,627,627),(628,'https://cn.chinadaily.com.cn/a/202506/13/WS684b67f1a310205377037d33.html','2025-06-18 10:10:05',0,628,628,628),(629,'https://cnews.chinadaily.com.cn/a/202506/12/WS684a6b20a310205377037b00.html','2025-06-18 10:10:05',0,629,629,629),(630,'https://cn.chinadaily.com.cn/a/202506/17/WS68513541a3102053770389f3.html','2025-06-18 10:15:47',0,630,630,630),(631,'https://cn.chinadaily.com.cn/a/202506/17/WS68510951a310205377038876.html','2025-06-18 10:15:47',0,631,631,631),(632,'https://cn.chinadaily.com.cn/a/202506/17/WS68510b67a31020537703888d.html','2025-06-18 10:15:47',0,632,632,632),(633,'https://cnews.chinadaily.com.cn/a/202506/17/WS6850f81ca3102053770387d4.html','2025-06-18 10:15:47',0,633,633,633),(634,'https://jl.chinadaily.com.cn/a/202506/17/WS6850da1ba31020537703875c.html','2025-06-18 10:15:47',0,634,634,634),(635,'https://china.chinadaily.com.cn/a/202506/17/WS6850de12a31020537703878f.html','2025-06-18 10:15:47',0,635,635,635),(637,'https://cn.chinadaily.com.cn/a/202506/17/WS68516759a310205377038a54.html','2025-06-18 10:17:54',0,637,637,637),(638,'https://cn.chinadaily.com.cn/a/202506/17/WS685118aaa31020537703891f.html','2025-06-18 10:17:54',0,638,638,638),(639,'https://sh.chinadaily.com.cn/a/202506/16/WS684ffbe7a31020537703861d.html','2025-06-18 10:17:54',0,639,639,639),(640,'https://cnews.chinadaily.com.cn/a/202506/16/WS684f8284a31020537703830b.html','2025-06-18 10:17:54',0,640,640,640),(641,'https://caijing.chinadaily.com.cn/a/202506/16/WS684f5db2a3102053770382a5.html','2025-06-18 10:17:54',0,641,641,641),(642,'https://cn.chinadaily.com.cn/a/202506/15/WS684e4d31a3102053770381cc.html','2025-06-18 10:17:54',0,642,642,642),(643,'https://cnews.chinadaily.com.cn/a/202506/10/WS6847f23da310205377037633.html','2025-06-18 10:17:54',0,643,643,643),(644,'https://cn.chinadaily.com.cn/a/202506/10/WS6847e8b5a3102053770375de.html','2025-06-18 10:17:54',0,644,644,644),(645,'https://bj.chinadaily.com.cn/a/202506/09/WS6846a9f7a310205377037364.html','2025-06-18 10:17:54',0,645,645,645),(646,'https://cn.chinadaily.com.cn/a/202506/09/WS684693b6a3102053770372c6.html','2025-06-18 10:17:54',0,646,646,646),(647,'https://sh.chinadaily.com.cn/a/202506/07/WS6844202fa310205377036fb3.html','2025-06-18 10:17:54',0,647,647,647),(648,'https://zj.chinadaily.com.cn/a/202506/07/WS6843f425a310205377036f89.html','2025-06-18 10:17:54',0,648,648,648),(649,'https://cnews.chinadaily.com.cn/a/202506/06/WS68428db1a310205377036d6c.html','2025-06-18 10:17:54',0,649,649,649),(650,'https://china.chinadaily.com.cn/a/202506/05/WS68415a31a310205377036a81.html','2025-06-18 10:17:54',0,650,650,650),(651,'https://cn.chinadaily.com.cn/a/202506/05/WS68415c7ca310205377036aa0.html','2025-06-18 10:17:54',0,651,651,651),(652,'https://cn.chinadaily.com.cn/a/202506/05/WS684161afa310205377036b17.html','2025-06-18 10:17:54',0,652,652,652),(653,'https://cnews.chinadaily.com.cn/a/202506/13/WS684be51da310205377037fb7.html','2025-06-18 10:42:01',0,653,653,653),(654,'https://bj.chinadaily.com.cn/a/202506/13/WS684bc58da310205377037e9a.html','2025-06-18 10:42:01',0,654,654,654),(655,'https://cnews.chinadaily.com.cn/a/202506/12/WS684a776aa310205377037bd0.html','2025-06-18 10:42:01',0,655,655,655),(656,'https://cnews.chinadaily.com.cn/a/202506/10/WS6847d1b3a31020537703755d.html','2025-06-18 10:42:01',0,656,656,656),(657,'https://cn.chinadaily.com.cn/a/202506/04/WS68401ae3a3102053770367a2.html','2025-06-18 10:42:01',0,657,657,657),(658,'https://china.chinadaily.com.cn/a/202505/27/WS68356523a310205377035333.html','2025-06-18 10:42:01',0,658,658,658),(659,'https://cnews.chinadaily.com.cn/a/202505/27/WS6835581ba3102053770352a1.html','2025-06-18 10:42:01',0,659,659,659),(660,'https://cn.chinadaily.com.cn/a/202505/26/WS68343524a31020537703503a.html','2025-06-18 10:42:01',0,660,660,660),(661,'https://cn.chinadaily.com.cn/a/202505/25/WS68327611a310205377034cd3.html','2025-06-18 10:42:01',0,661,661,661),(662,'https://cn.chinadaily.com.cn/a/202505/20/WS682c2c6da310205377034037.html','2025-06-18 10:42:01',0,662,662,662),(663,'https://cn.chinadaily.com.cn/a/202505/19/WS682aee95a310205377033d40.html','2025-06-18 10:42:01',0,663,663,663),(664,'https://bj.chinadaily.com.cn/a/202505/18/WS6829d8d2a310205377033a7b.html','2025-06-18 10:42:01',0,664,664,664),(665,'https://cn.chinadaily.com.cn/a/202505/17/WS68282ef9a31020537703392b.html','2025-06-18 10:42:01',0,665,665,665),(666,'https://cn.chinadaily.com.cn/a/202505/16/WS6826e246a310205377033733.html','2025-06-18 10:42:01',0,666,666,666),(667,'https://cn.chinadaily.com.cn/a/202505/16/WS68269d1fa3102053770335b1.html','2025-06-18 10:42:01',0,667,667,667),(668,'https://js.chinadaily.com.cn/a/202505/15/WS6825912fa310205377033424.html','2025-06-18 10:42:01',0,668,668,668),(669,'https://cnews.chinadaily.com.cn/a/202505/14/WS68245c24a310205377033219.html','2025-06-18 10:42:01',0,669,669,669),(670,'https://cn.chinadaily.com.cn/a/202506/20/WS685572d5a31009d21e5bdc72.html','2025-06-20 23:36:16',0,670,670,670),(671,'https://cn.chinadaily.com.cn/a/202506/20/WS685570aca31009d21e5bdc6e.html','2025-06-20 23:36:16',0,671,671,671),(672,'https://cnews.chinadaily.com.cn/a/202506/20/WS685525caa3102053770394c5.html','2025-06-20 23:36:16',0,672,672,672),(673,'https://cn.chinadaily.com.cn/a/202506/19/WS6853bc52a310205377039047.html','2025-06-20 23:36:16',0,673,673,673),(674,'https://cnews.chinadaily.com.cn/a/202506/19/WS6853b6b2a310205377039009.html','2025-06-20 23:36:16',0,674,674,674),(675,'https://xj.chinadaily.com.cn/a/202506/19/WS68539e65a310205377038f1b.html','2025-06-20 23:36:16',0,675,675,675),(676,'https://cnews.chinadaily.com.cn/a/202506/19/WS6853b1dda310205377038ff5.html','2025-06-20 23:36:16',0,676,676,676),(677,'https://cn.chinadaily.com.cn/a/202506/19/WS6853aaa8a310205377038fb4.html','2025-06-20 23:36:16',0,677,677,677),(678,'https://gd.chinadaily.com.cn/a/202506/19/WS685384a6a310205377038eda.html','2025-06-20 23:36:16',0,678,678,678),(679,'https://cnews.chinadaily.com.cn/a/202506/19/WS685375eda310205377038e9a.html','2025-06-20 23:36:16',0,679,679,679);
/*!40000 ALTER TABLE `news_webpages` ENABLE KEYS */;
UNLOCK TABLES;

--
-- Table structure for table `news_websites`
--

DROP TABLE IF EXISTS `news_websites`;
/*!40101 SET @saved_cs_client     = @@character_set_client */;
/*!50503 SET character_set_client = utf8mb4 */;
CREATE TABLE `news_websites` (
  `id` int NOT NULL AUTO_INCREMENT,
  `domain` varchar(255) COLLATE utf8mb4_unicode_ci NOT NULL COMMENT '网站域名',
  `company_organization` varchar(255) COLLATE utf8mb4_unicode_ci DEFAULT NULL COMMENT '所属公司或组织',
  `contact_info` text COLLATE utf8mb4_unicode_ci COMMENT '联系信息',
  PRIMARY KEY (`id`),
  KEY `idx_domain` (`domain`)
) ENGINE=InnoDB AUTO_INCREMENT=680 DEFAULT CHARSET=utf8mb4 COLLATE=utf8mb4_unicode_ci;
/*!40101 SET character_set_client = @saved_cs_client */;

--
-- Dumping data for table `news_websites`
--

LOCK TABLES `news_websites` WRITE;
/*!40000 ALTER TABLE `news_websites` DISABLE KEYS */;
INSERT INTO `news_websites` VALUES (559,'hain.chinadaily.com.cn','来源：中国日报网','contact@hain.chinadaily.com.cn'),(560,'fj.chinadaily.com.cn','来源：中国日报网','contact@fj.chinadaily.com.cn'),(561,'cn.chinadaily.com.cn','来源：鲁网','contact@cn.chinadaily.com.cn'),(562,'cnews.chinadaily.com.cn','来源：日照新闻网','contact@cnews.chinadaily.com.cn'),(563,'china.chinadaily.com.cn','来源：人民日报客户端','contact@china.chinadaily.com.cn'),(564,'china.chinadaily.com.cn','来源：央视新闻','contact@china.chinadaily.com.cn'),(565,'hain.chinadaily.com.cn','来源：中国日报网','contact@hain.chinadaily.com.cn'),(566,'tw.chinadaily.com.cn','来源：中国台湾网','contact@tw.chinadaily.com.cn'),(567,'cnews.chinadaily.com.cn','来源：周口网','contact@cnews.chinadaily.com.cn'),(568,'china.chinadaily.com.cn','来源：中国日报网','contact@china.chinadaily.com.cn'),(569,'cn.chinadaily.com.cn','来源：中国日报网','contact@cn.chinadaily.com.cn'),(570,'cnews.chinadaily.com.cn','来源：周口网','contact@cnews.chinadaily.com.cn'),(571,'caijing.chinadaily.com.cn','来源：中国经济网','contact@caijing.chinadaily.com.cn'),(621,'cn.chinadaily.com.cn','来源：新华网','contact@cn.chinadaily.com.cn'),(622,'china.chinadaily.com.cn','来源：新华社','contact@china.chinadaily.com.cn'),(623,'cn.chinadaily.com.cn','来源：央视新闻客户端','contact@cn.chinadaily.com.cn'),(624,'cn.chinadaily.com.cn','来源：央视新闻客户端','contact@cn.chinadaily.com.cn'),(625,'cn.chinadaily.com.cn','来源：新华网','contact@cn.chinadaily.com.cn'),(626,'cn.chinadaily.com.cn','来源：央视新闻','contact@cn.chinadaily.com.cn'),(627,'cn.chinadaily.com.cn','来源：鲁网','contact@cn.chinadaily.com.cn'),(628,'cn.chinadaily.com.cn','来源：新华网','contact@cn.chinadaily.com.cn'),(629,'cnews.chinadaily.com.cn','来源：东方网','contact@cnews.chinadaily.com.cn'),(630,'cn.chinadaily.com.cn','来源：贵州日报','contact@cn.chinadaily.com.cn'),(631,'cn.chinadaily.com.cn','来源：鲁网','contact@cn.chinadaily.com.cn'),(632,'cn.chinadaily.com.cn','来源：鲁网','contact@cn.chinadaily.com.cn'),(633,'cnews.chinadaily.com.cn','来源：周口网','contact@cnews.chinadaily.com.cn'),(634,'jl.chinadaily.com.cn','来源：人民网－吉林频道','contact@jl.chinadaily.com.cn'),(635,'china.chinadaily.com.cn','来源：中国日报网','contact@china.chinadaily.com.cn'),(637,'cn.chinadaily.com.cn','来源：中国日报网','contact@cn.chinadaily.com.cn'),(638,'cn.chinadaily.com.cn','来源：央视新闻客户端','contact@cn.chinadaily.com.cn'),(639,'sh.chinadaily.com.cn','来源：中国日报网','contact@sh.chinadaily.com.cn'),(640,'cnews.chinadaily.com.cn','来源：东方网','contact@cnews.chinadaily.com.cn'),(641,'caijing.chinadaily.com.cn','来源：中国证券报','contact@caijing.chinadaily.com.cn'),(642,'cn.chinadaily.com.cn','来源：中国日报','contact@cn.chinadaily.com.cn'),(643,'cnews.chinadaily.com.cn','来源：新华网','contact@cnews.chinadaily.com.cn'),(644,'cn.chinadaily.com.cn','来源：中国日报网','contact@cn.chinadaily.com.cn'),(645,'bj.chinadaily.com.cn','来源：人民网','contact@bj.chinadaily.com.cn'),(646,'cn.chinadaily.com.cn','来源：鲁网','contact@cn.chinadaily.com.cn'),(647,'sh.chinadaily.com.cn','来源：上观新闻','contact@sh.chinadaily.com.cn'),(648,'zj.chinadaily.com.cn','来源：中国日报网','contact@zj.chinadaily.com.cn'),(649,'cnews.chinadaily.com.cn','来源：东方网','contact@cnews.chinadaily.com.cn'),(650,'china.chinadaily.com.cn','来源：央视网','contact@china.chinadaily.com.cn'),(651,'cn.chinadaily.com.cn','来源：鲁网','contact@cn.chinadaily.com.cn'),(652,'cn.chinadaily.com.cn','来源：鲁网','contact@cn.chinadaily.com.cn'),(653,'cnews.chinadaily.com.cn','来源：日照新闻网','contact@cnews.chinadaily.com.cn'),(654,'bj.chinadaily.com.cn','来源：中国日报网','contact@bj.chinadaily.com.cn'),(655,'cnews.chinadaily.com.cn','来源：东方网','contact@cnews.chinadaily.com.cn'),(656,'cnews.chinadaily.com.cn','来源：东方网','contact@cnews.chinadaily.com.cn'),(657,'cn.chinadaily.com.cn','来源：中国日报网','contact@cn.chinadaily.com.cn'),(658,'china.chinadaily.com.cn','来源：央视新闻','contact@china.chinadaily.com.cn'),(659,'cnews.chinadaily.com.cn','来源：周口网','contact@cnews.chinadaily.com.cn'),(660,'cn.chinadaily.com.cn','来源：中国日报网','contact@cn.chinadaily.com.cn'),(661,'cn.chinadaily.com.cn','来源：央视新闻','contact@cn.chinadaily.com.cn'),(662,'cn.chinadaily.com.cn','来源：鲁网','contact@cn.chinadaily.com.cn'),(663,'cn.chinadaily.com.cn','来源：中国日报网','contact@cn.chinadaily.com.cn'),(664,'bj.chinadaily.com.cn','来源：中国日报网','contact@bj.chinadaily.com.cn'),(665,'cn.chinadaily.com.cn','来源：石榴云新疆日报原创','contact@cn.chinadaily.com.cn'),(666,'cn.chinadaily.com.cn','来源：鲁网','contact@cn.chinadaily.com.cn'),(667,'cn.chinadaily.com.cn','来源：央视网','contact@cn.chinadaily.com.cn'),(668,'js.chinadaily.com.cn','来源：中国日报网','contact@js.chinadaily.com.cn'),(669,'cnews.chinadaily.com.cn','来源：东方网','contact@cnews.chinadaily.com.cn'),(670,'cn.chinadaily.com.cn','来源：四川在线','contact@cn.chinadaily.com.cn'),(671,'cn.chinadaily.com.cn','来源：新华社','contact@cn.chinadaily.com.cn'),(672,'cnews.chinadaily.com.cn','来源：周口网','contact@cnews.chinadaily.com.cn'),(673,'cn.chinadaily.com.cn','来源：鲁网','contact@cn.chinadaily.com.cn'),(674,'cnews.chinadaily.com.cn','来源：周口网','contact@cnews.chinadaily.com.cn'),(675,'xj.chinadaily.com.cn','来源：中国日报网','contact@xj.chinadaily.com.cn'),(676,'cnews.chinadaily.com.cn','来源：东方网','contact@cnews.chinadaily.com.cn'),(677,'cn.chinadaily.com.cn','来源：鲁网','contact@cn.chinadaily.com.cn'),(678,'gd.chinadaily.com.cn','来源：中国日报网','contact@gd.chinadaily.com.cn'),(679,'cnews.chinadaily.com.cn','来源：周口网','contact@cnews.chinadaily.com.cn');
/*!40000 ALTER TABLE `news_websites` ENABLE KEYS */;
UNLOCK TABLES;

--
-- Table structure for table `text_contents`
--

DROP TABLE IF EXISTS `text_contents`;
/*!40101 SET @saved_cs_client     = @@character_set_client */;
/*!50503 SET character_set_client = utf8mb4 */;
CREATE TABLE `text_contents` (
  `id` int NOT NULL AUTO_INCREMENT,
  `news_agency` varchar(255) COLLATE utf8mb4_unicode_ci DEFAULT NULL COMMENT '通讯社',
  `publish_time` datetime DEFAULT NULL COMMENT '发布时间',
  `title` varchar(255) COLLATE utf8mb4_unicode_ci NOT NULL COMMENT '新闻标题',
  `content` text COLLATE utf8mb4_unicode_ci COMMENT '新闻正文',
  PRIMARY KEY (`id`),
  KEY `idx_publish_time` (`publish_time`)
) ENGINE=InnoDB AUTO_INCREMENT=680 DEFAULT CHARSET=utf8mb4 COLLATE=utf8mb4_unicode_ci;
/*!40101 SET character_set_client = @saved_cs_client */;

--
-- Dumping data for table `text_contents`
--

LOCK TABLES `text_contents` WRITE;
/*!40000 ALTER TABLE `text_contents` DISABLE KEYS */;
INSERT INTO `text_contents` VALUES (559,'来源：中国日报网','2025-06-17 18:50:00','中美青少年文化交流活动在海南开启，深化国际友谊新篇章','6月14日，由海南山高海外教育办公室承办的2025中美（海南）青少年文化交流活动正式启动。受台风“蝴蝶”影响，原定航班临时取消，活动承办方迅速启动应急机制，协调航线调整，确保来自美国犹他州和加州的66名师生安全抵达海口。当地工作人员手持特色椰雕项链迎接，并有序完成引导、行李交接及酒店接驳。\n此次交流活动以“共筑友谊，同享未来”为主题，响应中美“5年5万”青少年交流倡议。在为期十天的行程中，美国师生将深入海口、琼中、保亭、三亚、万宁以及重庆、成都等地。\n活动首日，代表团在享用海南清补凉、文昌鸡等特色晚宴中开启文化体验。次日行程包括参观海南热带野生动植物园、体验海南非遗文化及汉服换装，深度感受地域文化魅力。\n6月16日上午，欢迎仪式在海口山高高级实验中学举行。\n海南省外事办公室二级巡视员佴建乔致辞强调，青少年交流是中美民间友好的重要纽带，希望两国青年把握机会深化理解。\n海口山高中学罗慧校长表示，活动为中美学生提供了互学互鉴的宝贵平台。当日，美国师生参与了校园游园、中式课堂互动及社团活动，\n当晚的文艺晚会呈现了舞蹈《DRAMA》、英文歌曲、魔术、古典舞《梦回风华》及中美学生合唱等十余个节目，展现文化交融活力。\n据悉，后续行程将结合自然与人文体验：在琼中新伟茶园参与采茶与香包制作，于保亭槟榔谷观赏黎族歌舞及篝火晚会；在三亚万宁体验冲浪，乘坐海南环岛高铁感受海岛发展；在重庆探索磁器口古镇、轻轨穿楼奇观，于成都走访博物馆、宽窄巷子及大熊猫基地。活动全程贯穿语言实践、动手项目与文化参访，旨在拓宽国际视野。\n此次活动是海南自贸港推动国际教育交流的生动实践。山高教育相关负责人表示，未来将持续以“教育为桥、文化为媒”，促进中外青少年互学互鉴，为深化中美民间友好与海南人文交流注入新动力。\n（中国日报社海南记者站 陈博文 ｜ 唐赫繁）'),(560,'来源：中国日报网','2025-06-17 16:52:00','海峡论坛两岸茶人以茶为媒促融合 美人茶成为融合发展经典范例','6月17日，第十七届海峡论坛·第十一届海峡茶会暨海峡两岸美人茶文化交流活动在福州举办，来自海峡两岸共200多位嘉宾齐聚一堂，共商海峡两岸美人茶文化交流大计。福建省政协副主席黄玲，海峡两岸茶业交流协会会长林钟乐，福建省农业科学院院长余文权，三明市委常委、副市长胡帅，大田县委书记吴茂生等参加活动。\n林钟乐表示：“近年来，两岸茶文化交流日益频繁，并在茶树品种培育、制茶工艺互鉴、茶叶标准互通、市场协同拓展等方面硕果累累。从台湾的东方美人茶到福建的大田美人茶，每一片茶叶都凝结着两岸茶人的智慧结晶，“美人茶”已然成为两岸茶文化交融的生动缩影与经典范例”。\n出席活动的台湾嘉宾对两岸美人茶发展给予高度评价，认为“二十余载的亲密合作，二十余载的辛勤耕耘，两岸茶人共同培育出贵雅天成的大田美人茶。大田美人茶不仅凝结了两岸茶人的智慧和汗水，也见证了两岸同胞文化交流、情感交融的历史情缘，成为两岸融合发展的重要成果。”\n海峡两岸嘉宾对东方美人茶和大田美人茶的发展有如此高的评价，主要是美人茶的特殊性。\n台湾茶叶源于福建，据1918年编《台湾通史》记载：清嘉庆年间有柯朝者，归自福建，始以武夷之茶，植于鱼桀鱼坑，发育甚佳。由此，台湾茶叶行业才发展壮大起来。东方美人茶是台湾独有的名茶，因其茶芽白毫显著，又名为白毫乌龙茶，因其“人做一半，虫做一半”的独特性而闻名。1998年台湾茶农把东方美人茶的茶树品种及制作技艺引回福建三明大田，并在当地发展成为大田美人茶，可以说台湾东方美人茶与大田美人茶同源同宗、历史渊源深厚。\n邱毅探访两岸美人茶主产区 感慨茶文化在两岸交流中的特殊意义\n为了更好的推广两岸美人茶文化，本次活动邀请台湾著名时事评论员、中国文化大学邱毅教授作为特别嘉宾，前往台湾东方美人茶主产区和大田美人茶主产区进行探访。\n在活动上，邱毅感叹自己这次两岸美人茶之旅收获很大，在台湾新竹峨眉乡，他通过探访了解到台湾茶人对东方美人茶制作技艺的坚守，没有大规模的机器化生产，全靠人工保证东方美人茶果香蜜韵的优秀品质。\n在福建大田县，邱毅探访了在大田承包300多亩茶园的台湾茶农老邓，他在大田仅用四年时间，就已经打响了自己的美人茶品牌影响力，对大田的生态环境和美人茶产业发展非常满意。\n在探访大田本地茶农郭守郡的茶厂时，邱毅发现郭守郡带着自己的两个女儿和女婿们都加入到大田美人茶的产业中，整个家族都以茶为生，也因茶致富。\n通过探访，邱毅感慨两岸茶人们之间频繁交流与合作，在促进两岸交流中有着特别的意义，以美人茶为例，仅仅二十多年的时间，两岸美人茶相关人员的共同努力下，大田美人茶发展壮大成为当地乡村振兴的重要产业。\n大田“三茶”统筹高质量发展 大田美人茶成发展新引擎\n在本次活动上，海峡两岸茶业交流协会授予大田县“‘三茶’统筹高质量发展创新示范重点联系县”荣誉称号。福建省农业科学院茶叶研究所与大田县农业农村局就茶树新品种‘福萱’的品种权转让签订合作协议，日春股份、八马茶业、华祥苑茶业等多家福建头部茶业企业与大田县签订合作协议，多个单位的多轮签约共同推动大田县茶产业的高质量发展。\n如今，大田县茶叶种植面积10万亩，是国内面积最大的美人茶生产基地，涉茶人员10万人，有茶叶加工企业1310家，全县年加工毛茶1.63万吨，其中美人茶4300吨，全产业链产值40.5亿元，实现产业兴、百姓富、生态美的统一。\n大田县先后被评为“中国高山茶之乡”“中国美人茶之乡”；大田美人茶被列入全省重点打造区域公共品牌、第二批福建特色农产品优势区认定名单；大田美人茶开茶节纳入闽茶文化品牌；“大田美人茶”入选2024年度上海市消费帮扶“百县百品”推荐目录。\n中国工程院院士、中国农业科学院茶叶研究所研究员陈宗懋，中国工程院院士、湖南师范大学校长刘仲华也为活动发来祝贺视频，刘仲华院士表示：“以美人茶为代表的两岸茶产业，有着深厚的渊源和紧密的联系，不仅是经济产业，更是文化传承与交流的共情。希望未来两岸茶界能够进一步加强交流与合作，共同弘扬中华茶文化，打造更具影响力的美人茶品牌，推动茶产业的创新与发展。”\n（郑功宇 林伯郊 叶紫妍∣编辑：中国日报社福建记者站 胡美东）'),(561,'来源：鲁网','2025-06-17 15:49:00','蔚蓝一代 联合国海洋大会边会圆满落幕，教育和赋能青少年参与海洋保护，共护珍贵蓝色家园','2025 年联合国海洋大会（UNOC3）于 6月13日在法国尼斯圆满落幕。期间，由有斯公益（Global Youth Philanthropy）牵头，联合多家中外机构举办的“蔚蓝 一代： 教育与赋能青年参与海洋保护”专题边会，以线上线下相结合的形式，连线来自全球各地的参会者，就聚焦青年在提升海洋素养方面的关键作用等主题顺利展开，其中由三大洲 24 位青少年记者对话全球顶尖海洋科学家并集结出版的中英版书籍正式宣发，成为核心亮点之一。\n本次边会由有斯公益（中国/美国/加拿大） 、 中国大洋矿产资源研究开发协会、联合国“海洋十年”海洋与气候协作中心（DCC-OCC） 、平澜公益基金会、APEC 海洋可持续发展中心、达飞集团（法国）、红树林保护基金会、南方科技大学与筹建中的深圳海洋大学（联合国“海洋十年”实施伙伴）、英国 Common Seas、 全球早期职业海洋人才网络（ECOP）及言之初等机构联合主办。\n联合国海洋大会（UNOC）是全球海洋治理领域最高级别的政府间会议，汇聚各国元首、部长级官员及决策者，共同推动海洋保护与可持续利用的国际行动。 第三届大会确立了雄心勃勃的 “2030  目标 ”——即到 2030 年保护全球 30%的海洋生态系统。\n在这一背景下，根据大会设立的边会机制，来自世界各地的社会组织、专家学者及政策制定者共同汇聚， 以海洋保护为一致目标，开展跨领域交流 。6月4日至 13 日期间，联合国批准的主办方在全球及海洋区域共举办了 71 场独立边会， 广泛动员社会各界参与。\n主题会议现场\n6 月 8 日，\"蔚蓝一代\"主题边会以线上线下相结合的方式举行，线下会场设 于上海海昌海洋公园度假酒店，并同步连线全球上千名参与者。活动伊始，由有斯公益指导孵化、 中美英加四国青少年共同发起的公益社团 Melody Bridge 创作 的交响乐作品《Tides of Tomorrow》震撼奏响 。这部作品以恢弘的交响乐语言呼应联合国\"海洋科学促进可持续发展十年\"倡议，通过起伏的乐章描绘海洋的壮美与脆弱。乐曲中融入的\"海洋之声\"元素，既展现了跨国青少年艺术家对海洋生态的深刻思考，也以音乐艺术搭建起情感桥梁，为整场活动奠定了守护蓝色星球的 庄严基调。\n主题边会现场\n开场环节由平澜公益基金会创始人及会长邱莉莉主持，主题为“青年： 实现 2030 议程的重要伙伴” 。随后，联合国教科文组织政府间海洋学委员会前执行秘 书长 Vladimir Ryabinin 教授与中国自然资源部第一海洋研究所副所长、总工程师 乔方利分别发表致辞，强调了海洋保护的紧迫性以及青年在推动可持续海洋发展 中的关键作用。\n平澜公益基金会创始人邱莉莉女士开场\n联合国教科文组织政府间海洋学委员会前执行秘书长Vladimir Ryabin in 教授、 中国 自然资 源部第一海洋研究所副所长、 总工程师乔方利、联合国教科文组织\"全民海洋素养\"计划专家 Valentina Lovat、亚洲海洋素养联络人李生辉等多位重量级嘉宾在线参会并发表演讲。\n随后，联合国教科文组织\"全民海洋素养\"计划专家 Valentina Lovat发表演讲， 重点阐述了将海洋素养纳入各国国民教育体系的战略意义。国际知名地球物理学  家、欧洲科学院院士、欧洲人文和自然科学院院士、南方科技大学海洋高等研究  院院长林间则围绕\"深海资源开发与环境保护：寻求可持续平衡\"主题进行主旨报  告，并正式宣布当天上午成立的\"全球中小学海洋素养联盟\" 。林院士强调： \"简言之，我们正在构建一个全球网络——让深圳的中学与西班牙、巴西或澳大利亚  的学校建立直接联系。这个联盟的价值在于，学生既能从多元文化和语言中汲取  智慧，更能在海洋这个人类共同语言中找到共鸣。 \"\n林间院士发表主旨演讲\n中国大洋矿产资源研究开发协会副理事长刘峰、有斯公益创始人及理事长谢 远雁也在开幕环节中发言，呼吁加强代际协作，推动海洋行动领域的创新与跨界融合。\n刘峰理事长发表主旨演讲\n有斯公益创始人谢远雁女士主题发言\n本次边会以\"减少海洋污染\"（SDG 14. 1）和\"保护海洋生态系统\"（SDG 14.2） 两大可持续发展目标为行动纲领。活动现场，来自全球多国的青少年记者成为最大亮点，他们发布了与海洋科学家对话的成果著作《深海逐梦有斯同行：青少年记者对话海洋科学家》。该书通过跨世代对话的形式，记录了青年一代与海洋科学家的思想碰撞。 书籍主编唐知涵为新书作了精彩推介。\n《深海逐梦 · 有斯同行--青少年记者对话海洋科学家》 主编 唐知涵发言\n《深海逐梦 · 有斯同行--青少年记者对话海洋科学家》发布\n新书发布环节后，多位专家学者相继发言，对青少年记者的工作成果给予高 度评价。苏格兰海洋研究所与圣安德鲁斯大学的 William E.N. Austin 教授作为首 位发言嘉宾，不仅盛赞与青少年记者们的访谈经历，还特别提及他参与的中国蓝 碳中心项目，称之为\"一项令人振奋的突破性进展\" 。他在总结发言时郑重呼吁： \"科学界必须勇于为自然发声，坚定守护自然。 \"  随后， 中山大学于卫东教授在  发言中对这一倡议表示赞同，并进一步阐述了青少年参与对海洋科学研究的重要意义。\n于卫东教授发表演讲\n三位国际青年代表随后通过录制视频的形式参会发言 。来自加拿大的 Eliya  Wang 展示了她对几位知名海洋学者的采访成果；美国的 Ricarda Xu 则分享了她 在校园内所做的关于“学生如何看待海洋保护重要性”的调研；而来自印尼的 Julia Tapilatu 介绍了她参与的“H200  海洋继承者”计划，鼓励青年深入参与政策制定  过程。\n青年代表 Eliay Wang 在线主题发言\n青年代表 Ricard Xu 在线主题发言\n印尼青年代表 Julia Tapilatu 在线主题发言\n四位在场的的青少年记者——Isabella Gates 、焦子健、方贝妮和许闵媛，在获得多项国际大奖的资深记者 Frank Hossack 主持下，与中山大学于卫东教授、 广州海博特种船务有限公司董事长蔡梅江、自然资源部第二海洋研究所韩喜球教 授以及上海海洋大学特聘教授方家松进行了圆桌讨论，并就海洋议题向专家们提 出问题。\n青少年记者对话科学家\n《深海逐梦 ·有斯同行》是将被录入联合国“自愿海洋承诺数据库”的四项重 要承诺之一，旨在鼓励更多全球行动者参与海洋保护。另外一项承诺由英国环保机构 Common Seas 牵头，聚焦扩展海洋素养课程， 以青年主导、可推广的方式  助力减少塑料污染，守护海洋健康 。该项目由教育主管 Sarah Duffy 、全球教育  项目经理 Marina Grissin 及学校合作官员刘嘉玮进行介绍。\n随后，自然资源部第一海洋研究所副研究员、联合国“海洋十年”海洋与气 候协作中心（DCC-OCC）高级项目主管管松发布了海洋与气候协作中心年度报告，并进一步介绍了此前宣布成立的“海洋十年”中小学海洋素养联盟的相关进展与目标。\n管松女士发布主题报告\n上述自愿承诺与林间院士牵头发起的“全球青少年海洋素养联盟”，共同推动 了以青少年为中心的海洋教育实践，聚焦海洋守护精神的培育 。通过协同平台， 边会整合了来自学校、教育者、学生、机构与组织的资源与力量，致力于加强全 球青少年参与海洋遗产教育与保护的有效联动。\n此外，会议还涵盖“海洋生态系统保护”与“蓝色市民参与”等议题。来自自然资源部第三海洋研究所的研究员刘正华与红树林保护基金会副秘书长翟柳分别分享了各自在生态保护与公众参与方面的经验。随后，广东海洋大学管理学院讲师、亚洲海洋素养联络人李生辉介绍了ECOP 平台在区域青少年赋能方面的实践 探索。\n自然资源部第三海洋研究所的研究员刘正华\n红树林保护基金会副秘书长翟柳\n边会最后宣布启动“全球青少年海洋主题征文与艺术大赛”，以及由有斯公益指导孵化的 “海洋蔚士青少年俱乐部 ”代表宣读 “守护蔚蓝 ”行动倡议，现场及线上观众纷纷表示，从会议中呈现的多种变革型教育模式中获得启发，进一步看到了青年在引领未来海洋保护中的潜力与力量。\n未来契约 · 向蓝而生 --  海洋主题征文&艺术大赛启幕\n海洋蔚士青少年俱乐部代表宣读 “守护蔚蓝 ”行动倡议\n本次边会展现了中国青年与世界同行的行动力和领导力。这种年轻的抱负与 动力正将好奇心转化为行动，将问题转化为推动海洋变革的力量，为加强国际合作保护最脆弱生态系统开辟道路。\n参会人员合影\n作为青年主导变革的倡导者，有斯公益始终坚信：青年协同的创造力正是应 对地球性挑战的重要力量。未来，有斯公益将持续搭建跨领域合作桥梁，赋能更多青年成为推动可持续变革的核心力量，把愿景转化为可衡量的成果，共同打造更包容、可持续的未来。\n免责声明：该文章系我网转载，旨在为读者提供更多新闻资讯。所涉内容不构成投资、消费建议，仅供读者参考。'),(562,'来源：日照新闻网','2025-06-17 12:49:00','齐聚众多粤港澳大湾区创新机构   助力莞揭飞地高质量发展','6月12日，在莞揭对口帮扶协作指挥部指导下，广东莞揭飞地园区运营管理有限公司在欧亚科学院粤港澳大湾区科技创新基地顺利举行“莞揭协同・创新共赢”——东莞・揭阳产业协同创新中心项目推介会。\n此次推介会吸引了粤港澳大湾区商业联合会、全球华人联合总商会（香港）广州代表处、欧亚科学院粤港澳大湾区科技创新基地、世界科学院联合会、中美硅谷发展促进会、深圳市智能制造产业促进会、深圳广州东莞商协会、东莞市企业文化协会、国际科学技术创新研究院、北京大学东莞光电研究院、广东华中科技大学工业研究院、中视央媒传播中心等58家商协会、国际机构、科研院所的积极参与。本次推介会上，12家研发机构与商协会与创新中心签署战略合作协议，携手搭建资源共享、优势互补的合作平台；12家优质企业也正式签约入驻，为创新中心注入强劲的发展动能。\n在国家大力推进区域协调发展，广东积极构建新发展格局的时代背景下，莞揭两地肩负着产业升级与协同发展的重要使命。东莞市—揭阳市对口帮扶协作指挥部指挥长叶冠强在致辞中强调，东莞・揭阳产业协同创新中心作为落实省、市战略的创新实践平台，承载着打破区域壁垒、实现优势互补的重任。他表示，东莞与揭阳正积极探索“创新要素+产业载体”的“反向飞地”协同模式，两地正规划建设莞揭科智园、莞揭科创园，重点布局智能制造、AI技术、生物医药等领域，构建“技术孵化——场景应用——规模量产”全链条生态。东莞的科技研发优势与揭阳的产业转化空间形成天然互补，创新中心将成为“东莞创新+揭阳智造”深度融合的核心引擎。\n广东莞揭实业投资发展有限公司董事长、总经理陈汉昌对东莞・揭阳产业协同创新中心项目进行了详细介绍。他表示，莞揭产业协同创新中心以“招研孵转，助展落产”为核心，构建涵盖招才引智、研发创新、成果转化、政策辅助等八大服务体系。截至目前，创新中心已联动欧亚科学院等高端资源，落地2家战略合作机构和7家优质企业入驻，成功孵化AI宠物平台、“莞揭优选”项目，并同步筹备推进莞揭城市可信数据空间、潮汕美食文化博物馆等重点项目。通过他的介绍，与会嘉宾对创新中心的定位、功能、资源优势以及未来规划有了更清晰的认识，也对创新中心的发展前景充满了信心。\n现场还举行了AI宠物平台项目推介。该项目整合东莞AI技术研发资源与揭阳宠物用品产业基础，打造“智能硬件 + 宠物健康管理 + 供应链服务”生态闭环，计划实现“研发在东莞、生产在揭阳”的协同模式。与会嘉宾纷纷表示，期待这一项目在未来能够绽放光彩。\n推介会最后，与会嘉宾前往中科云计算大楼10楼莞揭创新中心展厅进行观摩。在“莞揭优品”直播展厅，嘉宾们现场品鉴揭阳特色美食，体验“线上带货+线下展销”的产业对接模式。同时，首场揭阳农产品，利用“优秀的人叫我发哥”抖音直播间 ，短短两个小时内，成交1700多单，营业额高达31万多元。这一创新模式不仅为揭阳农产品打开了更广阔的市场，也为莞揭产业协同发展提供了新的思路和方向。\n此次“莞揭协同・创新共赢”——东莞・揭阳产业协同创新中心项目推介会的成功举办，为粤港澳大湾区多机构与莞揭两地的合作搭建了重要平台。58家国际机构、科研院所、深圳广州东莞商协会的积极参与，彰显了各方对莞揭产业协同发展的高度关注和坚定信心。未来，随着莞揭产业协同创新中心的不断发展壮大，以及各方合作的深入推进，莞揭两地必将在产业升级、科技创新、区域协调发展等方面取得更加丰硕的成果，为广东省构建新发展格局注入新的活力。'),(563,'来源：人民日报客户端','2025-06-16 09:26:00','历史“深”一度·这条路，习主席为何称其“名垂青史”？','文化和自然遗产日，让我们把目光聚焦历史深处的丝绸之路。\n这条路，不仅是经贸往来之路，更是和平合作之路、文化交融之路。从张骞策马到玄奘西行，再到传向世界的“四大发明”，“古丝绸之路之所以名垂青史，靠的不是战马和长矛，而是驼队和善意；不是坚船和利炮，而是宝船和友谊。”\n元首外交所达之处，有带着浓厚伊斯兰文明色彩的中亚古城撒马尔罕，有印度文明古迹马哈巴利普拉姆古寺庙群......让文化和自然遗产“在新时代焕发新活力、绽放新光彩”，世界文明百花园中，美美与共的种子生根发芽。'),(564,'来源：央视新闻','2025-06-15 21:17:00','深观察丨美式关税恶果：在损人和害己之间循环','近日，国际金融机构纷纷发布报告，下调今年全球经济增长预期。\n这些报告认为，美国滥施关税政策不仅拖累全球经济，也伤及自身发展。\n又要对“钢铁衍生产品”加征关税？\n世界银行发布的最新一期《全球经济展望》报告将今年全球经济增长预期从1月的2.7%下调至2.3%，同时下调了近70%的经济体的增速。\n世行副首席经济学家兼预测局局长阿伊汗·高斯表示：“（我们）要对前景有清醒的认识，如果2026年和2027年的全球经济增长态势符合预期，那么本世纪20年代的前七年全球经济平均增速将创下上世纪60年代以来的新低。”\n世行的报告还指出，全球经济增长正因贸易壁垒和不确定的政策环境而放缓。与6个月前经济看起来会实现“软着陆”相比，目前全球经济正再次陷入动荡。\n报告同时预计，今年发达经济体经济将增长1.2%，比此前预测低0.5个百分点。其中，美国经济增速从此前的2.3%大幅下调至1.4%。\n此前，经济合作与发展组织（经合组织）也将今明两年的全球经济增长预期双双下调至2.9%。\n经合组织的报告指出，过去几个月，贸易壁垒以及经济和贸易政策的不确定性显著增加，对商业和消费者信心产生负面影响，并阻碍了贸易和投资。\n报告特别指出，美国加征的额外关税不仅将进一步拖累全球经济增长并加剧通胀，也将令自身经济增速放缓。今明两年，美国经济预计将仅分别增长1.6%和1.5%，较今年3月预测值分别下调0.6和0.1个百分点。\n虽然多个权威机构都发出了警告，但美国政府依然我行我素。\n据美媒报道，美国商务部日前发布通知称，近期提高的钢铝关税也将适用于含有钢铁的消费电器。从6月23日开始，冰箱、烘干机、洗衣机、洗碗机、冰柜、烤箱、垃圾处理器等“钢铁衍生产品”也将被额外征收50%的关税。\n舆论普遍认为，这一新的关税措施将进一步为全球经济带来不可预测性，同时将使美国企业和消费者面临更大压力 。\n美国家电经销商博比·贾瓦希里告诉记者，他店里销售的一款空气炸锅的价格现为130美元，如果新的关税实施，价格可能是原来的三倍。他认为，美国政府的关税政策严重影响了企业的生存，会导致经济崩溃。\n贾瓦希里：“我们进口商是支付关税的人，但不只是我们要付钱，后果最终将由消费者承担。最终，我们的货架上不会再有商品，这也意味着不会再有工作机会。”\n“美国经济或将很快恶化”\n早在特朗普的第一个总统任期内，美国政府就曾对进口钢铝产品加征关税，导致汽车、机械、建筑等行业的成本随之上升。\n据统计，2018年开始征收的钢铝关税不仅未能帮助美国下游制造业实现“振兴”，反而导致其损失了7.5万个工作岗位。\n而根据美联储和芝加哥大学的测算，加征关税最终使一台普通洗衣机的价格上涨了近100美元。\n激进的贸易政策给美国自身的经济前景蒙上了越来越浓重的阴影。\n《华尔街日报》资深财经记者尼克·蒂米劳斯认为，在眼下的美国，无论是就业市场还是消费领域都出现了不好的苗头，“经济已经出现了裂痕”。\n蒂米劳斯：“一方面，劳动力市场正处于一种不稳定状态，企业不再大量招聘员工；另一方面，消费者的消费能力已经不如过去几年那么强劲，信用卡和消费贷款的拖欠率都在上升。”\n数据显示，美国今年第一季度国内生产总值（GDP）按年率计算，环比萎缩了0.2%。这也是美国经济近三年来首次出现环比萎缩。\n与此同时，美国企业的营收状况也在恶化。\n美国商务部经济分析局近日发布的数据显示，经库存价值评估和资本消耗调整后，一季度的企业生产利润减少了1181亿美元。\n此外，受关税影响，美国贸易数据也出现大幅波动。\n美国商务部本月5日发布的数据显示，由于进口商囤货需求降低、观望情绪日趋浓厚，美国4月进口额大幅下降，与1月至3月的大幅增长趋势反差强烈。\n《华尔街日报》援引市场人士的分析称，关税、反关税和其他限制措施可能会在未来几个月拖累美国的进出口数据，贸易在美国经济中的整体作用可能会减弱。而这种情况以前只在新冠疫情初期和全球金融危机时出现过。\n素材来源丨环球资讯广播《环球深观察》\n记者丨李严\n编辑丨林维\n签审丨王坚\n监制丨关娟娟'),(565,'来源：中国日报网','2025-06-15 20:58:00','2025中美（海南）青少年文化交流团抵琼，民间友好交流再添新篇','6月14日，由海南山高海外教育办公室承办的2025中美（海南）青少年访华文化交流活动拉开帷幕。受台风“蝴蝶”天气影响，原计划由香港飞往海口的航班临时取消，活动承办方迅速启动高效应急机制，通过协调航线调整等措施，确保交流团安全抵达海南。\n当天，海南山高海外教育办公室工作人员手持精心准备的海南特色椰雕项链，在海口美兰国际机场迎接美国交流团66名师生。\n尽管行程因天气变化有所调整，工作人员仍按照标准化接待流程，有序完成团员引导、行李交接及酒店接驳工作，并为交流团安排特色晚宴。海南清补凉、文昌鸡等地方风味美食，让远道而来的青少年们感受到“宾至如归”的温暖。\n活动期间，美国师生将前往海口、琼中、保亭、三亚、万宁等地进行参观交流。\n此次活动的开展是中美民间友好交流的生动体现，也展现了海南自由贸易港在国际教育交流领域的开放活力。\n据山高教育相关负责人介绍，后续将以“教育为桥、文化为媒”，通过丰富的交流活动推动中外青少年互学互鉴，促进不同文化间的理解与认同，为海南自贸港人文交流注入新动力。\n（中国日报社海南记者站 陈博文）'),(566,'来源：中国台湾网','2025-06-12 14:27:00','国防部回应“含台量”猛增 批美、打“独”、促统三管齐下','美正向台湾运送新一批M1A2坦克。（图片取自网络）\n6月9日，有记者提到，美正向台湾运送新一批M1A2坦克，并计划未来4年增加对台售武，或超过特朗普第一任期水平。此外，美军前官员称约有500名美军人员在台湾活动，这是美国会此前披露数字的十倍以上。\n前者强化售武，后者近似“驻兵”，均严重违反一个中国原则和中美三个联合公报，严重干涉中国内政，严重损害中国主权和领土完整。国防部发言人蒋斌指出，这是由美方和“台独”势力主导、侵犯中方核心利益、妄图改变台海现状、推高台海紧张局势的又一起实证。他强调，谁在不顾中方坚决反对一味挑衅？谁又在破坏台海稳定反复拱火滋事？相信世人一目了然。我们对此强烈不满、坚决反对。\n国防部新闻发言人蒋斌大校就近期涉军问题发布消息。（图片来源：国防部网）\n当地时间9日下午，中美经贸磋商机制首次会议在英国伦敦举行。在此之前的6日，特朗普终于打通了期待已久的一个电话。特朗普宣称这是一次非常愉快的通话，他表示美方愿同中方共同努力落实协议。如果把上述国防部发布会涉台内容，放在这个大背景下来观察，更容易看清美方言行之间的分裂性，以及包括台湾问题、贸易问题、中美关系问题的复杂性。\n简单来说，美方在玩“两手策略”，说最好听的话，干最龌龊的事。只不过，中方对特朗普引以为能事的“说一套做一套”，有着丰富的斗争经验。早在上世纪40年代，毛泽东就提出“以革命的两手对付反革命的两手”，以谈对谈、以打对打、以其人之道还治其人之身。用今天的话来说就是：打，奉陪到底；谈，大门敞开。\n另外值得注意的是，回顾今年以来的国防部历次回应，“含台量”明显上升。这一方面意味着外部势力打“台湾牌”的手没有停；另一方面则证明中方针锋相对、寸土必争，及时有效地对任何挑衅动作予以坚决回击。\n解放军同时在做三件事：拒止外部势力干涉、打击“台独”分裂行径、推进国家统一进程，三管齐下，时刻准备着。这是一场伟大的斗争，必将迎来伟大的胜利。（文/关其行）\n解放军加强练兵备战，全面提升打赢能力。（图片取自网络）'),(567,'来源：周口网','2025-06-12 13:24:00','西南小厂如何蝶变为领军企业','锂电池是新能源汽车的核心技术部件。一层厚度仅为头发丝直径1/10的隔膜是锂电池的核心材料之一。\n恩捷股份全称为云南恩捷新材料股份有限公司，是一家曾偏居西南一隅的新材料公司，其历经近30年技术升级与创新，突破技术发展瓶颈，逐步转型并成长为全球最大的锂电池隔膜供应商，市场占有率连续多年位居第一。\n历史车轮滚滚向前。恩捷股份抓住了全球新能源产业的发展浪潮，更抓住了关键技术国产化的时代机遇，成为中国新能源产业发展的重要推动者。可以说，从西南小厂到全球锂电池隔膜领军企业，恩捷股份走出了一条根植中国沃土、创新引领发展的道路。\n上海恩捷办公大楼\n从传统包装业到新能源赛道\n伴随着改革开放的春风，上世纪80年代开始兴起出国学习先进科学技术的浪潮。恩捷股份创始人李晓明也踏上了赴美留学之路，从美国马萨诸塞大学高分子材料专业毕业后，在美国一家公司担任技术部经理。\n上世纪90年代，一些海外留学且学有所成的科技人才积极响应祖国号召归国创业，把开辟事业的目光投向东方热土。1996年，李晓明决定归国创业，以所学先进技术投身祖国建设热潮。他先在云南玉溪创办云南红塔塑胶有限公司，从事高分子材料研发制造，主营烟标和BOPP（双向拉伸聚丙烯薄膜）产品。\n2016年公司以“创新股份”为名在深交所挂牌上市，主营包装业务，包括BOPP、无菌包装、特种纸、烟标等系列产品，逐渐成为BOPP、无菌包装领域的行业翘楚，并成功实现了包装材料的国产化替代。\n企业发展的目光并未停留在传统包装领域，而是不断寻求在高分子材料研发领域的突破。一次海外探访时，李晓明看到正在展售的特斯拉新能源车，第一次接触到锂电池。凭借在高分子材料领域多年的技术深耕和对能源行业发展前景的敏锐感知，他很快意识到锂电池隔膜行业存在市场爆发的可能性。\n基于专业预判，李晓明在2010年创立了上海恩捷新材料科技有限公司（简称上海恩捷），开始进军锂电池隔膜行业。经历5年发展后，上海恩捷开始为宁德时代提供锂电池隔膜产品。2018年，创新股份收购上海恩捷，并更名为恩捷股份。自此，恩捷股份成为一家专注于锂电池隔膜研发和生产的上市公司，在新能源赛道快速进阶。\n始终专注技术突破\n隔膜行业具有典型的“三高一长”特点，即高风险、高技术壁垒、高投入、客户验证周期长。面对行业周期性挑战，恩捷股份始终以技术和市场为导向，结合中国庞大的市场需求、丰富的人才资源和完善的产业配套体系，持续引进先进技术和人才，加大研发投入，以坚定的战略定力持续推动隔膜技术和产品的升级、迭代，并不断夯实产能优势，始终致力于推动新能源产业发展爬坡过坎。这种充足的战略耐心，也为恩捷股份跨越行业周期、实现长期发展奠定坚实基础。\n恩捷股份隔膜生产线\n在产品研发方面，恩捷股份研发出多款具有国际领先水平的锂电池隔膜产品。例如，其研发的厚度仅为3微米的超薄高安全基膜，薄度远远领先于行业常规的7微米/9微米隔膜，能在减小锂电池体积的前提下显著提高高端消费类电子产品的电池能量密度，有效保证安全性。此外，恩捷股份还研发出适用于快充电池的高孔隙率、高强度的HSV和HSI系列隔膜，以及耐高温功能涂布膜、粘结性功能涂布膜、微孔自关闭高安全隔膜、半固态涂布隔膜等新产品，不断深耕细分市场。\n在工艺技术方面，恩捷股份领先开发基膜/涂布一体化技术，在国内率先实现油性PVDF涂布膜量产。通过对现有设备、工艺的无数次实验和改进，恩捷股份进一步提升了涂布膜产品的生产质量和效率。其中，基膜/涂布一体化技术大幅提升了生产效率，提高了产品的一致性和稳定性；油性PVDF涂布膜的量产，打破了国外企业技术垄断，为中国锂电池隔膜产业打下了技术基底。\n恩捷股份在研发方面投入巨大，组建了一支来自中、美、日、韩等500多人的专业研发团队，研发范围覆盖了隔膜和涂布生产设备、隔膜制备工艺以及原辅料的改进、涂布工艺、浆料配方、回收及节能技术，以及前瞻性技术储备项目的研发。数据显示，恩捷股份2024年研发投入6.63亿元，累计获得专利近600项。\n5月16日，在第十七届深圳国际电池技术交流会／展览会（CIBF2025）上，恩捷股份发布全固态硫化物新品\n时至今日，恩捷股份已成长为年营业总收入过百亿、职工约10000人、下属公司近40家的全球领先的锂电池隔膜供应商，累计荣获国家制造业单项冠军（产品）、国家企业技术中心、上海市高性能锂电池隔膜工程技术研究中心、CNAS实验室认可证书、国家级“专精特新”小巨人企业等荣誉称号。\n实现共赢的成长之路\n恩捷股份的成长壮大与中国锂电池产业发展双向奔赴、携手共赢。\n成立至今，恩捷股份始终受益于国内良好的政策环境和市场机遇，凭借强大的产品竞争力不断扩大市场份额。新能源产业智库机构EVTank（伊维经济研究院）等第三方机构数据显示，2024年，上海恩捷以超70亿平方米的湿法隔膜出货量在国内排名行业第一。同时，恩捷股份加快全球化布局，在美国、匈牙利等地陆续建厂，以提高全球供货能力和市场影响力。\n如今，松下、LGES、ACC、Ulitium Cells、宁德时代、中创新航、国轩高科、亿纬锂能、比亚迪、孚能、力神等全球新能源产业翘楚，均已成为其合作伙伴。\n5月15日—17日CIBF2025在深圳举办，国内外嘉宾到访恩捷股份展台参观交流\n恩捷股份有关负责人表示，恩捷股份正在为中国锂电池产业技术创新贡献更大力量：一是产品质量和性能达到国际先进水平，为中国新能源汽车、消费电子等产业发展提供了标准制定的可能性和巨大空间，推动中国逐步参与国际规则制定；二是通过上下游紧密合作，带动了原材料、设备制造等国内整个锂电池隔膜产业链的进步，构建起良好的产业生态；三是通过自身研发培养出大批技术人才，为中国新能源产业发展提供了人才储备。\n可以预见，未来在有关政策的支持、鼓励下，恩捷股份发展前景将更为广阔。恩捷股份将更好谱写根植中国沃土、放眼全球发展的新时代企业发展新篇章。\n免责声明：该文章系我网转载，旨在为读者提供更多新闻资讯。所涉内容不构成投资、消费建议，仅供读者参考。'),(568,'来源：中国日报网','2025-06-12 12:01:00','越南学者直言：关税加剧美内忧外患，与华合作才是正解','越南胡志明市国家大学讲师潘光清（Quang Thanh Phan）6月11日在《中国日报》撰文称，6月9日至10日，中美经贸磋商机制首次会议在伦敦举行，国际社会对此高度关注。如今看来，加征关税已经导致美国陷入内忧外患，同中国加强沟通与合作才是正确选择。\n沟通和磋商才是正确选择\n文章指出，美国总统特朗普在第二任期加大了关税政策力度。事实上，他应该意识到，全球地缘政治和经济形势在过去五年发生了巨大变化，而这种转变对美国不利。尽管特朗普称贸易战展现美国实力、促进经济发展，事实却表明它只会酿成灾祸。\n一段时间以来，美国同贸易伙伴渐行渐远，其中包括一些长期盟友。与此同时，中国正在扩大“朋友圈”并保护本国经济免受外部冲击，由此填补美国留下的空白。在美国走向自我孤立之际，中国正同日本、韩国、东盟成员国甚至格陵兰岛进行贸易谈判或寻求达成协议，不断提升自身作为全球稳定支柱的形象。\n如今，东盟已经成为中国第一大贸易伙伴，中国与欧盟、非洲和中东国家的经济往来也在扩大。面对美国挑起的关税战，中国发出强烈又克制的警告，强调任何形式的沟通和磋商都必须建立在相互尊重、平等互利的基础上。由此可见，中国的外交谈判实力和抵御经济胁迫的能力日益增强。\n加征关税让美国陷入内忧外患\n文章进一步表示，特朗普政府变本加厉的关税政策遭到了本国企业、公民和法院的强烈抵制。近日，美国国际贸易法院裁定特朗普政府一揽子关税政策非法。这家法院表示，美国宪法赋予美国国会独家权力来规范与其他国家的贸易，而总统声称为保护美国经济而行使的紧急权力并不凌驾于这些权力之上。尽管美国联邦巡回上诉法院暂时恢复了特朗普政府的关税政策，但其能否长期合法有效仍然存疑。\n雪上加霜的是，美国正在同传统盟友分道扬镳。加拿大、欧盟和一些亚洲主要经济体都反对美国的新关税政策。欧盟正准备进行新一轮谈判并发出警告称，将很快对美国将钢铝关税从25%提高至50%一事采取报复行动。欧盟委员会指出，美国此举损害外交关系，最早可能在7月14日采取反制措施。\n加拿大总理卡尼也谴责了美国的所作所为，称美方加倍征收钢铝关税“非法且不合理”。卡尼敦促加拿大议会通过政府提出的“加拿大经济一体化法案”，以加快国内基础设施和工业项目的审批速度，保护本国经济免受关税战影响。\n更加令人担忧的是，美国经济的疲软态势愈发明显。美国制造业在国内生产总值（GDP）中所占份额已降至10%，而消费却占据了经济活动的近70%。随着进口持续增加，贸易逆差仍然很大。根据摩根士丹利的预测，受经济增长放缓和预期中的降息影响，美元将贬值9%。\n与此同时，美国企业面临的压力也在不断加大。美国大型零售商沃尔玛的首席执行官董明伦强调，加征关税将导致消费者承受更高的物价。如今，人们对经济衰退的担忧日益加剧。摩根大通警告称美国经济衰退的可能性高达60%，而贝莱德公司首席执行官拉里·芬克指出，美国经济可能已经开始衰退。\n此外，大多数美国人认为特朗普政府的对外贸易政策不一致、不明确，美国的贸易政策不确定性指数较去年大幅上升。\n文章最后强调，若无可靠战略的支撑，美国挑起的贸易战可能会破坏本国经济稳定，导致同盟友渐行渐远，并将战略优势拱手相让。正如美国宾夕法尼亚大学沃顿商学院教授杰里米·西格尔近期所指出的，这些关税政策可能是“95年来最大的政策错误”。\n（英文原文刊发于《中国日报》智享汇栏目）\n（编辑：严玉洁 王辉 周凤梅 朱萍）'),(569,'来源：中国日报网','2025-06-12 12:00:00','和评理｜解决贸易争端，还需美国回归理性','当地时间6月9日至10日，中美经贸磋商机制首次会议在英国伦敦举行。双方原则上就落实两国元首6月5日通话共识以及日内瓦会谈共识达成了框架。中美经贸磋商机制的首次会议能取得这一成果，令人鼓舞，表明中美作为世界前两大经济体，仍在努力解决贸易争端，推动两国经贸关系重回正轨。\n中方表示，双方进行了“专业、理性、深入、坦诚”的对话。中美两国的商务部长均出席了此次会议。\n近日，中国依法依规对稀土相关物项出口许可申请进行审查，已依法批准一定数量的合规申请，并将持续加强合规申请的审批工作。中方切实履行共识的努力行动，向美国及其他贸易伙伴证明，中国出台稀土出口新规不是将战略资源武器化，而是为了更好满足全球日益增长的需求。\n而美国方面，在中美日内瓦经贸会谈之后，仍针对中国AI发展收紧对华芯片出口管制。\n6月9日，白宫国家经济委员会主任凯文·哈西特表示，如果中方加速对美稀土出口许可审批，美国可能会放宽对华芯片等产品的出口管制。但他同时强调，哪怕管制放得再宽，也不会包括“非常非常高端的英伟达产品”。此前，美国禁止英伟达高级AI芯片流向中国。\n由此看来，美国仍在打如意算盘。表面上，美国政府在高科技和战略领域对华脱钩，但在生活必需品、农产品及稀土等资源上继续维持对华贸易，强迫中国对美开放市场。\n6月10日，美国联邦巡回上诉法院作出决定，在审理期内，特朗普政府关税政策仍可实施。这一裁决将鼓励美国政府继续推行不合理的关税政策，即使美国经济已面临诸多挑战。\n如果美国一意孤行，那么美国与中国的谈判将演变成考验彼此经济实力的持久战，双方不仅将承受更大压力，全球经济发展和贸易往来也将为此付出代价。\n6月11日，中美经贸中方牵头人、国务院副总理何立峰在一份声明中表示：“贸易战没有赢家，中方不愿打，但也不怕打。”\n无论是在日内瓦还是伦敦，中方始终敦促美国面对现实，减少对华误解，停止损害双边经贸关系的恶意行为。中方清楚自身优势和目标，希望美方也能清醒地认识到，若继续推行不合理的对华贸易政策，最终只会损人不利己。\n中国反复强调，美方需客观看待中国，理性看待中美贸易摩擦，正确看待对话协商。中美经贸磋商机制来之不易，应给予珍惜，维护好双方通过谈判解决分歧的向好势头。要想尽早结束贸易战，美国就应摒弃胁迫、剥削、投机的行事方式，用务实的举措和平等、尊重、共赢的合作推动中美经贸关系行稳致远，为世界经济注入更多确定性和稳定性。\n本文编译自《中国日报》6月12日社论\n原标题：US needs to have correct perception of the give-and-take of trade talks\n出品：中国日报社论编辑室 中国日报中文网\n编译：曹静 编辑：涂恬 吴艳鹏'),(570,'来源：周口网','2025-06-12 11:32:00','川浙联动再添智力引擎！四川省浙江大学校友会继续教育学院分会成立','2025年6月11日，贯彻《浙江大学与四川省签署新一轮全面深化战略合作协议》要求，推动浙江大学产学研优势助力四川高质量发展，浙江大学继续教育学院联合四川省浙江大学校友会在成都市民营经济发展促进中心成立“四川省浙江大学校友会继续教育学院分会”。\n【四川省浙江大学校友会继续教育学院分会合影】\n浙江大学继续教育学院院长胡炜，四川省浙江大学校友会会长张耀华，成都市民促中心科创服务部成员、市委组织部(市委人才办)人才活动部副部长孙剑雄，宜宾市政务服务和非公经济发展局党组成员、副局长郑卫，四川省浙江大学校友会理事及继续教育学院校友代表等齐聚一堂，共同见证这一深化东西部人才协作的关键平台成立。该分会的成立，将成为四川连接浙江创新资源与西部发展需求的重要窗口，也是浙大服务国家区域协调战略的又一实质性举措。\n近年来，川浙两省合作持续深化。2025年5月29日至30日，四川省委书记王晓晖、省长施小琳率团考察浙江，与浙江省委书记王浩、省长刘捷达成多项合作协议。2024年9月2日，浙江大学与四川省签署新一轮全面深化战略合作协议，此次分会的成立是落实省校合作“人才共育、产业共兴”共识的延伸，将发挥浙江大学在人才培养、技术扩散、制度输出、产业资源等方面的创新优势，赋能四川高质量发展。\n【四川省委书记王晓晖、省长施小琳率团考察浙江】\n【四川人民政府与浙江大学签署全面深化战略合作协议】\n浙江大学继续教育学院校友遍布政府、企业、科研一线，是推动跨区域合作的天然桥梁。当今世界，科技日新月异，人工智能、云计算、大数据等新技术深刻改变着人们的思维、生产、生活方式，继续教育推动教育创新与技术融合，构建起“教育-人才-产业”生态闭环，成为服务全民终身学习的关键枢纽和推动高质量发展的创新引擎。\n四川省浙江大学校友会会长张耀华致辞表示,“四川省浙江大学校友会继续教育学院分会的成立不仅是浙江大学继续教育学院发展史上的一个里程碑，更是我们校友会大家庭的一件盛事。在此我谨代表浙江四川省浙江大学校友会，向大家表示最热烈的欢迎和最衷心的感谢。我们衷心希望继续教育学院分会能够成为校友们学习交流的新天地，事业发展的新引擎，情感交流的新纽带。让我们携手共进，凝聚校友力量，共促技校发展，共同书写校友会更加美好的每一天，祝母校蒸蒸日上！”\n【四川省浙江大学校友会会长张耀华致辞】\n浙江大学继续教育学院院长胡炜殷切寄语，“衷心祝愿四川省浙江大学校友会继续教育学院分会扬帆起航、蓬勃发展!希望分会在四川省浙江大学校友会的领导下，充分发挥桥梁纽带作用，凝聚校友力量，搭建资源共享、学习共进的优质平台，传承浙大“求是创新”精神，为校友成长与区域发展注入强劲动力，成为校友温暖的精神家园与事业发展的坚实后盾!”\n【浙江大学继续教育学院院长胡炜寄语】\n浙江大学继续教育学院院长胡炜，四川省浙江大学校友会会长张耀华为四川省浙江大学校友会继续教育学院分会授旗、授牌。\n【校领导向首届理事会成员颁牌授旗】\n陈亚受聘为四川省浙江大学校友会继续教育学院分会会长。陈亚宣读了《四川省浙江大学校友会继续教育学院分会公约》，并介绍分会未来规划。\n薛洁、张静、薛军、徐建斌受聘为四川省浙江大学校友会继续教育学院分会副会长。\n薛洁受聘为四川省浙江大学校友会继续教育学院分会秘书长。\n刘燃、汤皓然、张红霞、薛双受聘为四川省浙江大学校友会继续教育学院分会副秘书长。\n近期，中美经济关系的变动，对我国经济发展和企业经营带来重大冲击。活动特邀浙江大学中国与全球经济政研究中心主任，国际经济研究所所长顾国达作专题报告。\n高屋建瓴的观点、严谨务实的建议，发人深省，获得热烈掌声。\n四川省浙江大学校友会继续教育学院分会的成立，标志着浙江大学继续教育从“知识输送”向 “生态共建”的升级。它不仅是校友情感纽带，更是四川省浙江大学校友会以教育为支点撬动区域发展的创新实践，为西部大开发注入“浙大智慧”，为国家东西部协调发展提供可复制的校地合作范式。\n免责声明：该文章系我网转载，旨在为读者提供更多新闻资讯。所涉内容不构成投资、消费建议，仅供读者参考。'),(571,'来源：中国经济网','2025-06-12 07:56:00','日美关税谈判前景“疑云密布”','图为东京田园都市体系建设范例，二子玉川地区景观。经济日报记者 陈益彤摄\n美东时间6月6日，日本与美国完成第五轮部长级关税谈判。至此，日本贸易谈判代表赤泽亮正已经连续3周访美，然而直到本次谈判结束，两国之间仍然难就关税问题达成共识。虽然日本政府逐步加重谈判筹码，甚至用经济安保合作表达诚意，但日本似乎已非美国的优先考虑事项。日本政府所期待的在6月中旬首脑会谈上达成协议的前景“疑云密布”。\n美国政府的关税举措，对高度依赖汽车、钢铁行业的日本造成沉痛打击。当前，日本国内米价尚未企稳，民众生活承压严重，而7月又即将迎来参议院选举，能否在对美关税交涉中取得令人信服的成绩，似乎决定着日本未来的政局走向。据日本媒体报道，日美双方第四轮谈判开始前夕，日本首相石破茂亲自致电美国总统特朗普，阐述日本是如何通过加大对美投资为美国创造就业机会，并表达了想尽快与特朗普会面的愿望。此后，美国总统公开表示同意日本制铁对美钢的收购案，这也被视作电话会谈的重要成果，但双方在第四轮部长级谈判中依然没能收获实质进展。此前，日本政府的设想是在6月中旬的七国集团（G7）峰会期间实现首脑会谈，届时围绕关税问题达成协定。然而目前距离G7峰会越来越近，但结束第五轮谈判后的赤泽明确表示，“双方立场仍然存在分歧，尚未找到共识所在”，这也给未来日美首脑是否能如计划般达成协议打上问号。\n有观点认为，日本政府在应对关税谈判的过程中始终处于南辕北辙的状态。从谈判开始至今，日本政府一直以美国全面免除汽车、钢铁、铝等关税作为谈判的唯一目标，并为此不断调整手中“牌组”，希望平衡国内意见和美国要求。然而从目前情况看，美方似乎认为日方免除关税的要求无法接受，仅有可能根据日方的表现探讨延长暂停关税期限，或是部分减少关税。在如此前提错位的情况下，日本寄希望于不断提升谈判筹码，以优厚条件换取美国回心转意，目前经过多轮谈判磨合，已经形成了包括扩大农产品进口、重新评估汽车“非关税壁垒”等在内的“一揽子”合作方案。\n值得关注的是，日本似乎看准了中美关税博弈中美国的“窘境”，希望通过加大对美经济安保领域合作，助美缓解压力。据日媒披露，日方的提议包括在液化天然气、半导体、造船等领域展开合作。在液化天然气领域，日本有意参加美国的液化天然气开发项目；在半导体领域，日本愿意购买数十亿美元的美国半导体制品，并在零件、材料、机床领域强化与美国的合作，帮助美国半导体制造业发展；在造船领域，日本提出“日美黄金时代的造船计划”，设立日美造船业振兴基金，助美在造船领域竞争中取得比较优势。\n此前中美日内瓦经贸会谈形成的一系列成果给了日本“当头一棒”，不少日本经济学界人士感慨称“遭到了美国的背刺”“感受到被中美越顶”，并认为日本已经不在美国的优先事务名单上。日本经济界和媒体对日本政府的“经济安保牌”充满了担忧。有观点认为，未来一段时间内，美国将把注意力都集中在中国身上，无暇与日本展开下一轮谈判，6月中旬能够达成最终协议的可能性很低。赤泽亮正本人也表示，下次部长级谈判的时间未确定，“很难在美国财政部长贝森特等人在伦敦期间与其形成会谈”。\n中美两国元首战略沟通为双方排除干扰破坏、克服困难挑战提供了重要引领，也为动荡不安的世界增添了积极因素。相比之下，日本政府打“经济安保牌”却未能换来美国政府的重视和尊重，双方谈判仍处在僵局之中。受美国加征关税举措的预期冲击，日本一季度实际国内生产总值（GDP）按年率计算下降0.2%，而二季度经济数据直接受关税政策影响恐更加惨淡。全日本上下都在观察，日本政府是否能在对美关税谈判中切实维护日本的国家利益。参议院选举将近，在野党也正虎视眈眈，等待向执政联盟发难的“良机”。在此背景下，日美关税谈判的进程将成为左右日本经济社会发展和政治局势的重要因素，有待进一步观察。（本文来源：经济日报 作者：陈益彤）'),(621,'来源：新华网','2025-06-17 19:58:00','习近平：各方应该推动中东局势尽快降温','新华社阿斯塔纳6月17日电　当地时间6月17日，国家主席习近平在阿斯塔纳出席第二届中国—中亚峰会期间会见乌兹别克斯坦总统米尔济约耶夫。两国元首就当前中东局势交换意见。\n习近平表示，以色列发动对伊朗军事行动，造成中东地区紧张局势骤然加剧，中方对此深感担忧。我们反对任何侵犯别国主权安全和领土完整的行为。军事冲突不是解决问题之道，地区局势升温不符合国际社会共同利益。各方应该推动冲突尽快降温，避免紧张事态进一步升级。中方愿同各方一道努力，为恢复中东地区和平稳定发挥建设性作用。'),(622,'来源：新华社','2025-06-17 19:54:00','习近平会见乌兹别克斯坦总统米尔济约耶夫','新华社阿斯塔纳6月17日电（记者郝薇薇 赵冰）当地时间6月17日上午，国家主席习近平在阿斯塔纳出席第二届中国－中亚峰会期间会见乌兹别克斯坦总统米尔济约耶夫。\n习近平指出，去年我们在北京和阿斯塔纳两度会晤，就发展两国关系作出战略规划，中乌各领域合作呈现全面铺开、蒸蒸日上的良好局面。中方愿同乌方加强发展战略对接和治国理政经验交流，实施更多互利共赢的合作项目，助力各自国家发展，携手构建更加富有内涵和活力的中乌命运共同体。\n习近平强调，中乌双方要出台更多贸易自由化便利化举措，扩大双边贸易和投资规模，高质量建设中吉乌铁路，打造立体化联通格局，拓展人工智能、新能源、智慧农业、公共卫生等新兴领域务实合作；积极推进互设文化中心，办好第二届百校合作论坛，持续加强减贫合作，促进两国民心相通；继续深化执法安全合作，共同打击“三股势力”，携手应对新威胁新挑战，维护地区和平稳定。双方要在中国－中亚机制、上海合作组织等多边平台加强协作，共同捍卫国际公平正义，维护国际经贸秩序。\n米尔济约耶夫表示，习近平主席是世界杰出政治家，领导中国实施卓有成效的内外政策，推动经济社会发展取得丰硕成果，中国经济成为世界经济的重要引擎。当今世界任何重大问题的解决都离不开中国。乌中亲如兄弟，各层级交往密切，各领域合作强劲，两国关系达到历史上最高水平。乌方珍视同中国的友好关系，感谢中方长期以来为乌经济社会发展提供的无私支持，将坚定不移奉行一个中国原则。乌方愿同中方加强治国理政经验交流，深入学习中国脱贫攻坚经验；扩大贸易、投资规模，加强高新技术、互联互通、农业、绿色能源等领域合作，推动两国关系高质量发展；加强执法安全合作，坚定打击“三股势力”。习近平主席提出的三大全球倡议具有重大时代意义，乌方高度赞赏，愿与中方深入践行，共同维护联合国宪章宗旨原则，维护国际公平正义，促进世界和平和发展的进步事业。\n两国元首就当前中东局势交换意见。习近平表示，以色列发动对伊朗军事行动，造成中东地区紧张局势骤然加剧，中方对此深感担忧。我们反对任何侵犯别国主权安全和领土完整的行为。军事冲突不是解决问题之道，地区局势升温不符合国际社会共同利益。各方应该推动冲突尽快降温，避免紧张事态进一步升级。中方愿同各方一道努力，为恢复中东地区和平稳定发挥建设性作用。\n会见后，两国元首共同见证双方宣布签署关于乌兹别克斯坦加入世贸组织双边议定书。\n蔡奇、王毅等参加上述活动。'),(623,'来源：央视新闻客户端','2025-06-15 09:17:00','欧盟呼吁伊以双方保持克制 避免局势危险升级','当地时间14日，欧盟理事会官网发表欧盟外交与安全政策高级代表卡拉斯的声明称，欧盟密切关注中东局势，并对以色列袭击伊朗及伊朗作出回应后可能破坏中东稳定的危险升级表示最深切的关切。欧盟重申其对地区安全的坚定承诺，并呼吁各方遵守国际法，保持克制，避免采取可能导致放射性物质泄漏等严重后果的进一步行动。\n声明称，欧盟始终明确表示，绝不允许伊朗获得核武器，并对国际原子能机构理事会最近发布的认定伊朗未遵守《不扩散核武器条约》义务的报告表示关切。声明强调，欧盟将继续为缓解紧张局势和寻求伊朗核问题的持久解决方案做出一切外交努力，而这只能通过谈判来达成。'),(624,'来源：央视新闻客户端','2025-06-15 09:16:00','伊朗多枚导弹袭击以色列特拉维夫 多人受伤','记者当地时间15日获悉，伊朗向以色列发射了约50枚弹道导弹。\n据了解，伊朗的新一轮导弹袭击中，多枚导弹击中特拉维夫地区，造成多人受伤、多栋建筑物损毁。\n自当地时间6月14日晚伊朗再次空袭以色列以来，以色列已有至少5人死亡、数十人受伤。'),(625,'来源：新华网','2025-06-15 06:37:00','以伊冲突扩大 多国呼吁保持克制','伊朗13日向以色列发射约百枚导弹，称此举是对以色列袭击伊朗的报复。以色列继续空袭伊朗多地并波及多处核设施。双方军事冲突扩大引发国际社会高度关注，多国呼吁保持克制并推动局势降温。\n伊朗“报复”以色列\n伊朗伊斯兰革命卫队13日说，当天对以色列境内数十处目标发动军事行动。\n据伊朗伊斯兰革命卫队新闻网站当晚发布的消息，此次“强力而精准”的反击是对以色列“侵略”伊朗多地并杀害多名伊朗高级军事指挥官、核专家以及包括儿童在内的平民的报复。\n以色列军方13日晚说，伊朗当晚向以色列发动两轮弹道导弹袭击，总计发射近100枚导弹。据以色列急救组织“红色大卫盾”统计，袭击造成至少41人受伤，其中2人伤势严重。\n新华社记者在耶路撒冷听到三轮防空警报，看到大量导弹划过夜空并听到爆炸声。\n以军发表声明说，伊朗在一小时内向以色列发射近100枚导弹，大多被以军防空系统拦截或未击中目标。少量建筑物受到影响，其中部分是由拦截所产生碎片造成的。以色列媒体报道说，特拉维夫有建筑被导弹击中。\n伊朗多地继续遭袭 波及多处核设施\n据伊朗迈赫尔通讯社13日报道，以色列当晚继续对伊朗发动猛烈空袭，伊朗首都德黑兰，以及加兹温、伊斯法罕、赞詹等多地多次发生巨大爆炸。\n德黑兰上空当晚多次传出密集爆炸声。据新华社记者观察，一些不明飞行物被拦截，火光四起。目前，该市水电供应较为正常，网络服务时断时续。\n以色列国防军13日晚说，以空军当天早些时候袭击了伊朗第二大城市伊斯法罕附近的核设施。据以色列媒体报道，伊朗中部什叶派圣城库姆附近的福尔道核设施13日晚也遭到袭击。\n据报道，伊朗伊斯兰革命卫队总司令穆罕默德·帕克普尔当天在给伊朗最高领袖哈梅内伊的信中说，“地狱之门将很快向以色列政权打开”，以色列将遭受痛苦和破坏性后果。\n多国呼吁避免局势升级\n——德国和埃及\n德国外交部长瓦德富尔13日在访问埃及期间表示，以色列对伊朗的袭击行动“令人担忧”，各方应保持克制，避免出现任何可能危及整个地区安全的升级行动。埃及外长阿卜杜勒阿提同样呼吁缓和地区紧张局势。\n瓦德富尔在与阿卜杜勒阿提共同举行的新闻发布会上说，以色列袭击伊朗后，中东地区局势正在恶化。\n阿卜杜勒阿提警告说，“中东地区正处在火药桶上”，军事解决方案不会给地区带来稳定或安全。他重申埃及呼吁缓解紧张局势和寻求政治解决方案的立场，并强调需要在国际支持下保障红海航行安全。\n阿卜杜勒阿提当天早些时候与伊朗外长阿拉格齐通电话，强调埃及谴责和反对“任何侵犯国家主权、领土完整和国家统一”的行为。\n——法国\n法国总统马克龙13日呼吁以色列和伊朗保持最大限度克制，以缓和中东地区局势。法国外交部长巴罗当天说，地区局势变化不会动摇法国承认巴勒斯坦国的决心。\n马克龙当天在社交媒体上发文说，为避免以色列袭击伊朗波及整个地区稳定，法国呼吁各方保持最大限度克制，以缓和局势。法国准备与各方共同努力，推动中东地区局势缓和。他当天分别同沙特阿拉伯、约旦、阿拉伯联合酋长国、卡塔尔、德国、英国和美国领导人进行了电话沟通。\n马克龙同时说，法国多次谴责伊朗持续推进核计划，并将采取一切适当外交措施予以回应。\n——俄罗斯\n俄罗斯总统网站13日发布消息说，鉴于以色列对伊朗采取武力行动导致局势危险升级，俄总统普京当天分别和伊朗总统佩泽希齐扬、以色列总理内塔尼亚胡通电话，推动冲突降级。\n普京在与佩泽希齐扬的通话中对以色列袭击造成伊朗平民在内的大量人员伤亡表示哀悼。他强调，俄罗斯谴责以色列行动违反《联合国宪章》和国际法。俄方全力支持通过和平方式解决伊朗核问题，并提出了具体倡议。俄方将继续推动伊朗与以色列双方冲突降级。\n在与内塔尼亚胡的通话中，普京强调了重返谈判进程、通过政治外交手段解决所有涉及伊核问题的必要性，并表示愿意提供调停，以防止局势进一步升级。（记者：王卓伦、陈君清、陈霄）'),(626,'来源：央视新闻','2025-06-14 08:39:00','多地航司暂停往返以色列、伊朗地区的航班','当地时间13日凌晨，伊朗首都德黑兰传出连续爆炸声。随后以色列国防部证实，以色列对伊朗发动打击，并宣布以色列全国进入紧急状态。\n当日以色列关闭了其领空，并且暂停了所有往返以色列的航班。以色列航空公司宣布，从特拉维夫本-古里安国际机场撤离旗下飞机。预计本-古里安国际机场将在即将到来的周末继续关闭，禁止航班起降。\n同日，伊朗宣布关闭该国领空，直至另行通知。同时暂停德黑兰伊玛目霍梅尼国际机场航班起降。\n随后，有多地航空公司陆续表示已暂停往返以色列、伊朗地区的航班。\n俄罗斯\n俄罗斯最大的航空公司俄罗斯国际航空公司发布公告称，鉴于伊朗领空关闭，为确保飞行安全，俄罗斯国际航空被迫调整部分航班计划：莫斯科与德黑兰之间的航班全部取消。莫斯科往返阿联酋迪拜、阿布扎比、卡塔尔多哈（包机）及马尔代夫首都马累的航班航线将调整，改道经巴基斯坦领空绕行伊朗等。所有航线调整将持续至民用航空器飞行安全完全恢复为止。\n迪拜\n迪拜航空表示，已暂停飞往安曼、贝鲁特、大马士革、伊朗和以色列的航班。\n荷兰\n荷兰皇家航空公司宣布取消所有飞往特拉维夫的航班，至少持续到7月1日。\n卡塔尔\n卡塔尔航空公司宣布，鉴于当前紧张的地区局势，卡塔尔航空暂停所有前往伊朗和伊拉克的航班，恢复时间待定。\n塞浦路斯\n13日，塞浦路斯机场方面负责人表示，大约25班次往返以色列和塞浦路斯拉纳卡和帕福斯机场的航班被取消。与此同时，20班次从欧洲和美国前往中东地区的航班备降至拉纳卡和帕福斯机场。机场方面已经启动危机管理，妥善安置旅客。\n此外，部分附近地区受到对该地区安全担忧加剧的影响，于13日取消航班、关闭领空。\n约旦\n据约旦民航监管机构消息，约旦民用航空管理局宣布临时关闭约旦领空，暂停所有进出和过境航班运行。旨在应对当前地区局势升级可能带来的安全风险。\n黎巴嫩\n多家航空公司于13日取消了飞往黎巴嫩首都贝鲁特机场的航班。取消航班的航空公司包括迪拜航空（Fly dubai）、阿联酋航空和埃及航空。\n科威特\n科威特民航总局当地时间13日中午宣布，鉴于该地区当前局势，科威特国际机场部分航班将改道、取消或重新安排。目前正在与运营科威特国际机场进出港航班的航空公司进行协调。\n（总台记者 王新俊 杨渊 刘婵娟 赵远方 杨明交 朱云翔 李超）'),(627,'来源：鲁网','2025-06-13 14:27:00','CPHI & PMEC China 2025蓄势待发，共筑中国医药国际化新纪元','在全球医药产业格局深刻变革的重要节点，我国企业正以创新为引领、以韧性为基石，在全球医药供应链中稳中求进。2025年一季度，我国医药行业进出口总额达470.88亿美元，同比微增0.38%。其中，出口额实现266.32亿美元，同比增长4.39%，充分彰显了行业的稳定发展和强大韧性。\n2025年，是\"十四五\"规划收官之年，也是夯实\"十五五\"良好开局基础的关键之年。4月25日中央政治局会议首次提出\"以高质量发展的确定性应对外部不确定性\"，为创新药出海勾勒出\"创新驱动、多元协同、韧性筑基\"的发展路径。通过数智化转型重构全球竞争力的核心引擎，以传统市场深耕+新兴市场开拓双线发力，强化\"链长制\"布局，为医药出海勾勒出高质量发展的战略蓝图。\n在全球医药产业面临技术革新、市场重构、规则重塑的背景下，汇聚行业智慧、探索发展新路径成为破局的关键。作为全球制药工业的\"风向标\"与\"创新策源地\"，由Informa Markets、中国医药保健品进出口商会主办，上海博华国际展览有限公司协办的全球制药行业盛会——第二十三届世界制药原料中国展（CPHI China 2025）将携手第十八届世界制药机械、包装设备与材料中国展（PMEC China 2025）于6月24-26日在上海新国际博览中心（浦东）盛大启幕。本届展会以23万平米的超大规模、3,500余家海内外参展企业的空前阵容，全方位呈现制药全产业链的最新成果与尖端科技，预计将迎来10万余人次的专业观众共襄盛举，共同谱写全球医药产业发展的崭新篇章。\n一、擘画智造新图景，盛会擎旗启新程\n为满足全球制药产业链日益增长的对接需求，本届展会启用了上海新国际博览中心全部展馆，总体展示面积扩容至23万+平方米，参展企业数量突破3,500家，其中包括250余家国际头部品牌，较上届增加20%，为国内外交流互促注入新动能。展品涵盖制药原料、天然提取物、生物科技、药用辅料、合同定制、制剂、制药机械与包装设备、实验室仪器与装备、生命科学仪器、包装及给药系统、生物工程、洁净与环保，国际制药巨头、创新先锋及活力新锐同台竞技，纷纷携最新研发成果惊艳亮相，全景展示全球医药产业的卓越创新实力。\n2025展馆分布图\n-海内外精品供应商推荐-\nBiocon, Biosynth Group, Catalent, Datwyler, Dr. Reddys Laboratories Ltd, EDQM, Hovione, IFF, Indena, JRS, Kiefel, Lipoid, Mehta, Merck, NOF, Servier, SHL Medical, Stevanato, Terumo, Teva, Tournaire, Venair, Virchow Group 等全球制药巨头，以及国内龙头制药企业如上海创诺、国药集团、东阳光、普洛、浙江医药、复星医药、海正药业、华北制药、石药、上海医药、九洲药业、齐鲁制药、华海药业、鲁抗、罗欣药业、以岭药业、禾大中国、三生国健、科兴生物、甘李药业、翰宇药业、智飞生物、晨光、禹王、莱茵、百合、绿蔓、东富龙、楚天、新华医疗、迦南、翰林航宇、森松、海发、埃文、赛德力、华大、碧迪医疗...\n更多优质供应商待您现场解锁\n二、洞见未来驭先机，领航产业新浪潮\n（一） 制药原料展区：全球医药供应链的定海神针。\n作为医药出口贸易的压舱石，中国始终保持全球原料药核心供应国地位。本届展会制药原料展区将汇聚全球头部企业与新兴翘楚，实现规模与品质双跃升。届时，您将看到近1,500家原料药生产企业齐聚一堂，他们代表着海内外原料药品牌主力军同台展示，其中强势入驻的新展商227家，为展会惊喜加码。通过多元化产品与服务展示、创新技术与理念交流、高端会议与活动沉浸式参与，展区将以前瞻性国际化视野重塑医药行业商贸交流新标杆。\n（二） 天然提取物展区：大健康产业的创新引擎。\n本届展会天然提取物展区将以突破性规模亮相：450余家国内外知名企业和创新黑马深度聚焦天然原料创新技术及应用领域，全面展示植物提取物、动物提取物、保健食品原料、功能性食品原料、食品饮料原料、美容化妆品原料、中药原料以及新兴创新原料等8大核心品类的最新技术、产品和解决方案。\n此外，为助力全球保健食品、食品饮料、制药、化妆品企业优化供应链，特别推出——天然之桥•全球买家配对会，将邀请国际专业买家，通过精准匹配、高效对接，在展前黄金半天时间快速链接合适的高质量原料产品及供应商，共同推动大健康产业高质量发展。\n（三）生命科学与生物医药主题联展：引领未来医药产业的创新极地。\n创新已成为驱动未来医药行业发展的核心引擎。为助力企业抢占战略先机、深化产业链协同，CPHI&PMECChina 2025焕新升级再度扬帆，倾力打造\"生命科学与生物医药主题联展\"。本次联展将以前瞻视野整合生物科技、生命科学仪器和生物工程三大展区资源，以\"规模更大、影响更强、辐射更广\"的核心理念，全面展示生物制品、生物技术、生物工艺、生命科学仪器及生物工程等领域的优质产品和技术。截止目前，联展参展企业数量同比激增77.8%，将为业界同仁凝聚从研发到生产、临床应用、出海乃至资本端的关键资源，加速行业实现从\"研发突破\"向\"规模化落地\"跨越式发展。\n（四）制药机械与包装设备：高效智能生产的关键赋能者。\n在全球医药产业加速迈向智能化、绿色化的浪潮中，中国医药行业正实现从\"制造\"到\"智造\"的华丽蜕变。这一变革不仅重塑了药企的生产范式，更对上游制药设备提出了高端化、智能化和可持续化的全新要求。为助力打破技术壁垒，加速国产替代进程，为制药企业提供从研发到生产的\"一站式智造方案\"，展会将携手近500家制药机械与包装设备供应商以全球化视野与本土化实践，为药企降本增效、技术跃迁提供强大支撑。此外，展会同期还将举办多场重磅会议活动，汇聚行业领袖，深度解码前沿趋势和技术路线，构建\"展示-交流-合作\"的完整生态。\n2025年，展区创新性设立了流体与精密设备专区，在为制药产业链中具有重要地位的上游\"送水人\"提供优质的集中展示平台的同时，将从源头出发，助力制药企业优化工艺、减少生产浪费等痛点。展区将优选阀门、驱动与供能、流体管道、精密仪表等设备制造商，深度促进产业间技术交流与商贸配对，赋能制药工业高质量健康发展。\n（五）包装与给药系统展区：创新转化效率的加速器。\n2025年包装及给药系统展区规模达到历届之最，N5、N7、E8三馆联动，250余家知名企业携旗下主推产品一一亮相。不仅如此，展区国际化水平迈向了新高度，来自中国、英国、德国、法国、比利时、意大利、瑞士、日本等国家和地区的知名品牌纷纷入驻，国际展商占比超过15%。值得一提的是，展区同期会议矩阵迎来重磅升级，全新推出的\"2025药械组合大会\"和\"2025注射医美质量控制发展论坛\"深入探讨药械组合产品在医药、医疗器械和医美三大应用领域的产品开发、质量控制、合规注册和未来洞察，助力企业把握创新成果转化效率这一核心竞争力。\n三、领航蓝海赴征途，勾勒全球新格局\n作为引领中国医药产业走向世界的\"名片\"，CPHI & PMEC China始终致力于为参展企业和国际买家搭建精准匹配、高效洽谈的平台。回顾上届展会数据显示，海外观众数量占比近25%，会后收获国外买家盛赞如潮。本届展会国际化程度将再创新高，截至今年6月8日最新统计，本届展会已吸引来自166个国家和地区的15,000余位海外观众注册，同比增长超16%，其中74%注册观众拥有购买决策权，充分彰显国际制药行业对中国市场与供应链的高度关注。\n观众来源排名靠前的国家为印度、韩国、巴基斯坦、孟加拉、俄罗斯、埃及、日本、越南，而中东地区观众的涨幅也尤为明显，尤其是沙特阿拉伯、埃及、以色列和卡塔尔。不仅如此，南美洲、韩国、印度、泰国、越南、印尼、蒙古等国家和地区的多家商协会也已与展会达成战略合作，将组织各国医药企业、医疗机构、分销商以及政府部门代表到访，为参展企业进入目标市场、建联高质量买家提供宝贵渠道，也为全球医药产业带来丰富的合作商机。\n往届盛况\n四、 汇聚领英创思潮，擎启产业新纪元\n除了高层次商贸展示之外，展会还匠心打造包括专题论坛、精选买家配对会、典礼晚宴、产品展示秀、探索之旅和工厂参观等在内的多元化高端活动矩阵，为促进医药界精英碰撞思维火花、把握潜在机遇、拓展社交人脉构建全方位、立体化的价值共创平台。\n-部分重磅会议活动-\n（点击查看大图）\n（点击查看大图）\n（点击查看大图）\n百余场精心策划的会议活动将汇聚全球产业领袖、政策制定者、科学家及创新者齐聚一堂，深度交流前沿洞察、破解行业难题、促成务实合作，共同构建繁荣、创新、可持续的全球医药健康生态圈。\nCPHI & PMEC China 2025 已蓄势待发，将以更大规模、更高规格、更强链接力，搭建全球医药领域具影响力的年度盛会。我们期待与海内外同仁共聚浦江之滨，携手推动医药创新成果惠及全球，共同贡献\"中国智慧\"和\"中国方案\"。\n免责声明：该文章系我网转载，旨在为读者提供更多新闻资讯。所涉内容不构成投资、消费建议，仅供读者参考。'),(628,'来源：新华网','2025-06-13 07:51:00','联大通过决议要求以巴冲突方立即无条件永久停火','6月12日，在位于纽约的联合国总部，联合国大会紧急特别会议的表决结果显示在电子屏上。新华社发（联合国供图/埃瑟金德尔·德贝贝摄）\n新华社联合国6月12日电（记者尚绪谦）联合国大会紧急特别会议12日通过决议，要求以巴冲突方立即无条件永久停火，要求以色列立即解除对加沙人道主义援助的准入限制并立即结束对加沙地带的封锁。\n决议要求冲突方遵守包括国际人道法在内的国际法义务，特别是有关在敌对行动中保护平民的义务，强调对违反行为必须追责。\n决议强烈谴责把断绝平民粮食作为战争手段的做法以及对人道准入的非法阻挠。决议强调，根据国际法，占领国以色列有义务确保人道主义援助送至所有有需要的民众手中，以色列应立即结束对加沙地带的封锁，开放所有过境点，并确保援助物资立即、大批量地送达加沙地带各地巴勒斯坦平民手中。\n决议强调确保对以色列违反国际法义务而进行追责的必要性，为此促请所有联合国会员国按照《联合国宪章》和国际法，单独和集体采取一切必要措施，确保以色列履行其国际法义务。\n决议要求各方恪守对其所扣押人员的国际法义务，包括立即无条件释放所有被任意扣押人员以及归还所有遗体。\n决议重申坚定致力于“两国方案”，坚决反对改变加沙地带和约旦河西岸地区人口和领土状况，重申反对旨在强行驱逐巴勒斯坦人和非法夺取巴勒斯坦领土的行为。决议重申联合国对巴勒斯坦问题担负永久责任，直至该问题所有方面按照国际法和联合国有关决议得到解决。\n该决议以149票赞成、12票反对、19票弃权的表决结果获得通过。除以色列和美国外，阿根廷、斐济、匈牙利、密克罗尼西亚、瑙鲁、帕劳、巴布亚新几内亚、巴拉圭、汤加、图瓦卢投了反对票。\n第十次联大紧急特别会议于1997年4月召开，数次休会，上次复会是2024年12月。联合国安理会上周因美国一票否决未能通过要求在加沙立即停火的决议。此次联大紧急特别会议正是在这一背景下恢复召开的。'),(629,'来源：东方网','2025-06-12 09:21:00','全球首款千安时电池率先量产，海辰储能开启长时储能规模化应用时代','2025年6月11日，海辰储能在SNEC 2025 国际太阳能光伏与智慧能源大会暨展览会上，举办了以“大步领先，稳筑安全”为主题的产品安全技术分享会，并在会上宣布全球首款千安时长时储能电池∞Cell 1175Ah量产下线，开启长时储能规模化应用的新阶段。\n大步领先，率先实现千安时电池量产落地\n随着全球能源结构加速向清洁化转型，长时储能在电力系统中的作用日益重要。但由于长时储能的电站规模，采用传统314Ah电池长时储能电站面临集成复杂、成本高、安全可靠性挑战大等问题。而海辰储能的∞Cell 1175Ah作为专为4–8小时长时储能设计的电池，具备“超大容量、超长寿命、超高安全、超低成本”四大优势，填补了中长时储能场景缺少专用电池的产品空白。\n海辰储能精准洞察到长时储能时代来临，并提前布局千安时电池的研发和制造。∞Cell 1175Ah从2022年立项至今，攻克了“无先例可循、无经验可鉴”的双重挑战，依托海辰储能的重庆智能制造基地，打造了覆盖电芯至系统的高效产线和测试平台。面对尺寸、工艺和质量控制的全新挑战，海辰储能在全工序链实现了五大关键创新：\n● 宽幅厚涂布工艺精度突破：涂布面密度COV做到0.2%以内，同步采用高精度CCD相机进行在线全检，保证产品质量一致稳定。\n● 大电极叠片工艺效率提升：实现0.5mm极片对齐精度与0.1625秒/片的叠片效率，较传统工艺提升35%产能。\n● 电芯结构原创设计：创新设计“三维气道一体化顶盖”结构，专用自动化设备保障大尺寸结构件的制造稳定性和强度，突破行业大尺寸结构件加工瓶颈。\n● 电芯后段制造效率突破：开发高效烘烤技术、1.2MPa高压等压注液技术和大倍率化成、容量充放电工艺，实现后段制造效率提升45%。\n● 包膜外观一致性提升：通过引入高兼容柔性包胶辊组创新技术，解决了超大电芯包膜易褶皱、气泡的行业难题。\n稳筑安全，建立多层级安全体系\n面对大容量带来更高的系统能量密度，产品安全始终是产品落地的底线。在此次产品安全技术分享会上，海辰储能的产品安全专家刘枭枭博士介绍，海辰储能构建了从电芯、模组到系统的多层级多维度安全设计，确保大容量储能系统的全生命周期安全。\n电芯层面，使用多级协同调控技术。电解液采用“溶剂化结构调控+动态成膜”双路径技术，在负极石墨和正极铁锂材料表面构建耐高温的SEI和CEI膜，实现了“界面化学本质安全+循环寿命”双提升的效果。\n模组层级，打造“双模态热防护结构”。采用“电芯间高效隔热层+耐高温阻燃上盖”设计。在电芯间使用低导热系数隔热层，抑制电芯热蔓延发生，同时使用耐高温、耐火烧模组上盖，避免热失控时上盖被融穿导致氧气反侵电池包引起电池包内部内部起火。\n在系统BMS层级，采用“功能安全+网络安全“双轮驱动。通过海辰储能自研多模态预警算法，多维度感知和冗余控制技术，可做到精准预警，精密监测和精确控制，功能安全可做到直流侧系统控制安全失效率小于1ppm，网络安全等级可达SL2级，确保了系统的主动安全性能，为系统的全生命周期使用保驾护航。\n系统箱体层面，采用多层级的隔火、耐火和防火材料；内部结构的特殊设计也提升了整体抗弯和抗压能力，防止高温下的局部塌陷。同时辅以智能探测防火系统，多维度采集分析监测数据，形成热失控智能防控模型，协同筑牢储能安全防线 。\n权威认证加持，加快“走出去”步伐\nSNEC 2025现场，∞Cell 1175Ah 获得了全球安全科学机构 UL Solutions颁发的UL1973和UL9540A测试认证证书。这意味着∞Cell 1175Ah的安全性达到国际标准，为其进入北美市场打下坚实基础。\n同时海辰储能还与以色列最大的EPC公司之一EI-Mor签订了战略合作协议，推动海辰储能在罗马尼亚的首个长时储能系统项目落地，加快地区长时储能市场的扩展。\n全球率先量产千安时级∞Cell 1175Ah储能电池，是海辰储能研发与制造能力再次突破产业瓶颈的最新例证。随着全球加速迈入长时储能时代，海辰储能∞Cell 1175Ah和搭载该电池的∞Power 6.25MWh 储能系统也有望成为市场的新标杆，而海辰储能依托跻身全球储能电池出货量前三的硬实力，也成为储能领域以创新驱动价值的引领者。\n免责声明：该文章系我网转载，旨在为读者提供更多新闻资讯。所涉内容不构成投资、消费建议，仅供读者参考。'),(630,'来源：贵州日报','2025-06-17 17:26:00','贵州算力 | 贵安新区：“算”出蓬勃生产力','华为云上屯数据中心。 （贵安新区党工委组织人事部供图）\n广电五舟西南总部生产车间。 陈玲 摄\n贵安超算中心内部。 （贵安科创公司供图）\n位于贵安新区的中粮可口可乐智能化生产线。 张开学 摄\n南方能源大数据中心。 陈玲 摄\n用手机打开“洋芋巴士”小程序预约购票，5月31日，贵州理工学院的学生王迪便能从学校搭乘“无人驾驶小巴”，前往花溪大学城站，换乘环城快铁前往贵阳。\n“在电影里看过的无人驾驶场景，如今成为了同学们出行的新方式，让我对大数据发展有了新的体验。”王迪说。\n“科幻电影场景”照进现实，无人驾驶赋能贵安新区花溪大学城智能、绿色交通运输，这是贵州将数据优势转化为产业动能，激活数字生产力的生动场景之一。\n作为贵州数字经济发展创新区核心区，贵安新区持续聚焦“算力、赋能、产业”三个关键，不断深挖数据价值，拓展应用场景，强化以“算”育产，数字经济综合实力不断迈上新台阶，2024年，贵阳贵安数字经济增加值占比达53.3%，正成为引领经济发展的新引擎。\n夯实底座 智算占比持续提升\n初夏时节，中国电信云计算贵州信息园内，数栋机楼内机柜上的服务器嗡嗡作响，大量算力从这里输出，服务全国。近期，该园区又新添3栋机楼，工作人员正加快开展调试配套工程。\n“我们计划在今年内陆续交付4500架机架，满足智算业务发展需求。”中国电信云计算贵州分公司副总经理顾嵬介绍。\n作为贵安新区第一家启动建设、第一家运营投产的数据中心，中国电信云计算贵州信息园自建成投用以来，算力增长300%，成为南方规模最大、数据交互最活跃的国家级算力节点；机架规模增长12倍达1.4万架，服务器数量激增700倍至12万台，出省带宽扩容180倍至18T，已成为集通算、智算、超算于一体的超大型绿色数据中心。\n区别于基础算力、超算算力，智能算力因人工智能和机器学习而生，近年来处于快速发展阶段。为应对人工智能浪潮下的算力暴增需求，各地正在积极布阵。\n贵安新区亦是如此。近年来，围绕打造面向全国的算力保障基地，贵安新区加快建设算力高地、算力水平持续提升。\n截至目前，贵安新区已集聚26个大型及以上数据（算力）中心，规划标准机架超140万架，算力规模突破81EFLOPS。其中智算占比超98%、国产化率约90%，已成为全国国产化智算能力最强的地区之一。\n同时，贵安新区还打通至粤港澳、长三角等地400G超高带宽通道，实现至成渝6毫秒、至粤港澳10毫秒超低时延传输，成为连接东西部算力资源“高速通道”。\n当前，贵安新区已构建起“天上有‘云’、地上有‘端’、中间有‘网’”的完备算力基础设施体系。\n深挖价值 赋能千行百业\n依托强大的算力底座，贵安新区正加速激活千行百业数字潜能，推动数字经济高质量发展。\n今年春节档期票房冠军《哪吒之魔童闹海》，其近3年时间在使用贵安超算中心的算力进行渲染，影片超过40%的特效镜头离不开贵安超算中心的算力保障。\n“贵安超算中心投运以来，我们累计为全国50多家科研机构、院校、企业提供超3000次算力服务。”作为贵安超算中心的运营方，贵安科创公司董事长李悲鸿介绍，贵安超算中心计算性能达到每秒3亿亿次，服务器平均使用率达到80%以上，目前还不断与新的企业、高校开展合作。\n贵州律皓科技有限公司就是其中一家。该公司依托贵安新区的算力，研发了首个完成国家网信办“双备案”的法律大模型——“法管家”。当前，该大模型用户量已经突破10万人，日活跃用户保持在千人次，已与贵州省高级人民法院、贵州省司法厅、金山、华为、阿里等100多家单位达成项目合作。\n当下，以数据为关键生产要素、以数字技术为核心驱动力的生产方式正蓬勃发展。贵安新区立足自身优势乘“云”而上，瞄准人工大模型、智算服务等新赛道新领域不断发力。\n全国一体化算力网络国家（贵州）枢纽节点调度平台，将贵州零散的算力汇聚，形成算力的标准化产品，为省内外企业提供算力服务，目前平台已集聚算力服务商42家、算力产品和服务超160个，累计算力交易额超150亿元。\n而昇腾云适配中心已累计完成62家企业的昇腾云适配、迁移及调优，通过打造算力公共服务平台，进一步优化开源模型算法、高质量数据集、场景应用、国产化适配等方面的服务能力。\n此外，贵安工业迈上数字化转型之路。目前，贵安新区规上工业企业数字化诊断达100%。宁德时代、弗迪电池、可口可乐等企业建成数字化智能车间，云上鲲鹏、东江科技等多家企业实施数字化改造能力提升示范项目，进一步提高了数字化水平。\n以“算”育产 壮大产业集群\n今年春天，一场关于深化数字经济领域合作的签约，在贵安新区举行。影视渲染行业龙头企业——深圳市瑞云科技有限公司将携手贵安新区，共建贵安新区数字创意产业生态。\n此次签约是双方继5年前再次合作，从单一购买算力到抱团构建产业。根据规划，该产业将重点布局影视制作、动漫设计、游戏开发、广告传媒、AI内容生成等数字创意新业态。计划到2027年，形成数字创意产业发展的完整生态链，力争实现营业收入突破5亿元，累计引进培育数字创意企业100家，带动就业2000人。\n“此前我们与贵安新区的合作主要是购买算力服务，此次签约标志着双方进入全面深入合作。”深圳瑞云科技股份有限公司总经理邹琼表示，当前，公司正筹备在贵安成立子公司，建立专业的运营团队，计划将电影、动画、广告、建筑等部分渲染业务迁移到贵安。\n以“算”育产发展数字创意产业生态，是贵安新区将奔腾算力转化为蓬勃生产力的再一次布局。\n此前，以强大算力为牵引，贵安新区积极招引大数据上下游企业，带动“一硬一软”主导产业重点突破，形成数字经济产业“生态圈”。\n在“硬”方面，贵安新区围绕云上鲲鹏、广电五舟、浪潮、瑞利达等骨干企业做大做强电子信息制造业。2024年，贵安新区规上电子信息制造业产值同比增长168%。\n在“软”方面，得益于华为、中软国际等龙头企业引领，2024年贵安新区规上互联网和相关服务及软件和信息技术服务业实现营收增长21%。\n2024年，贵安新区聚焦“算力+产业”，积极打造面向全国的算力保障基地，获国务院通报表扬。\n今年，随着星长征、贵州数博创新科技等7家数据标注企业的落地发展，贵安新区数据标注产业也初具雏形。\n随着一个个大数据产业茁壮成长，抱团成群。可见，未来贵安新区数字经济产业“生态圈”将越发壮大，激活的数字生产力将持续赋能高质量发展。\n贵州数据宝网络科技有限公司董事长汤寒林： 当好数据要素市场“领军者”\n汤寒林是2016年从上海来到贵安新区的。当时国有数据代运营服务商——贵州数据宝网络科技有限公司正式创立。\n这些年，汤寒林作为该公司董事长，带领数据宝，深度参与并见证了贵安新区大数据产业从无到有、由弱变强的全过程。而数据宝也成长为全国数据要素市场化的领军企业。\n“我们是被好政策、好环境、好前景吸引，来到新区创业的。”汤寒林介绍，在来到贵安之前，他们已深耕数据挖掘运营领域12年，经验丰富。受首届数博会举办的吸引，汤寒林与数据宝的联合创始人专程从上海来到贵州参加第二届数博会，便看中了贵州发展大数据产业的决心、好政策，当即选择落地发展。\n然而，创业之路并非一路坦途。“彼时的贵安，虽已明确发展大数据，但相关产业几乎还是一张白纸。我们面临的人才和资金问题非常突出。”汤寒林说。\n回顾起数据宝的发展历程，汤寒林将其大致分为数据要素市场化、数据资源资产化、数据资产AI化三个阶段。\n“在第一个阶段我们推出‘数据治理智能化、建模加工积木化、场景应用商品化、流通交易合规化’的‘四化’方案，率先打通数据从采集、加工到交易的闭环，于是2020年，我们实现了盈利。”汤寒林说，在发展过程中，看到了市场对“数据可交易”模式的认可，验证了数据要素的商业价值。\n截至目前，数据宝已经链接（代运营）50多家部委厅局国央企数据、9家省级平台公司数据和众多省市国企数据，构建了庞大且权威的数据资源网络。公司已成功开发了“认证宝”“风控宝”“车险评分”等1800多个产品，在互联网、金融、保险等众多行业落地300多个应用场景，服务了包括字节跳动、华为等在内的逾万家国内外知名品牌。\n伴随数据宝的壮大，汤寒林也看到了贵安新区的“城”长。“刚来时，大学城的路都还在修，许多地方还是荒坡，如今，这里已蝶变成为一座干净整洁、充满现代气息的现代化城市。”\n北京易动纷享科技将在贵安打造第二总部\n在贵阳大数据科创城宽敞的办公室内，纷享销客工作人员忙碌地敲击键盘、操作鼠标，通过系统就能为客户量身定制相应的全场景、全链路的数智化业务支撑体系，助力企业实现业绩增长。\n纷享销客全称北京易动纷享科技有限责任公司，是国内连接型CRM（客户关系管理）领域的开创者。凭借独创的连接型CRM体系，“营—销—服”一体化全场景数字化方案，纷享销客已助力招商局集团、神州数码、蒙牛、振德医疗等超6000家企业完成营销数智化升级。\n“有些大型企业子公司之间系统各自为政，但经营层面又有业务交叉，没有统一的客户数据，造成了营销服务的大量重叠、资源的浪费、效率的降低。”纷享销客创始人兼CEO罗旭以某央企的数字化转型为例介绍，纷享销客为其量身定制搭建的全域管理平台，构建关键业务数据标准、数据链，将各类数据进行分类分级运营，形成统一编码、统一标准、统一分发，进而实现集团到子公司的敏捷决策和效率提升，让企业从以管理为中心转变为以“管理+客户”为中心，提升了业务质量和服务效率。\n因乡情驱动和看中贵阳贵安产业生态布局，2022年，纷享销客落地贵安新区，成立贵州纷享销客科技有限责任公司，“这里正成为数字经济与实体经济融合的‘试验田’，这与纷享销客‘用科技创新赋能企业增长’的使命高度契合。”罗旭说。\n落地贵州以来，纷享销客已与贵州化工、酒业、零售快消品等行业的10余家企业达成合作。\n“未来三年，纷享销客将逐步把经营中心迁移至贵州，目标是将贵阳贵安打造为第二总部。”罗旭表示，这一布局不仅是企业自身战略升级，更肩负深层产业使命，“希望能发挥标杆企业的引领作用，带动贵阳贵安，乃至贵州大数据产业链集聚升级，让数字技术成为传统产业高质量发展的‘新引擎’。”'),(631,'来源：鲁网','2025-06-17 12:29:00','同研乐教皖东行 精准教学再探究','2019安徽省教育科学研究项目成果推广活动在滁州市东坡中学圆满举办。\n2025年5月29日下午，由瑶海区教研室与滁州市教育研究院联合主办的2019年度安徽省教育科学研究项目“基于智慧课堂的初中数学精准教学实践研究（项目编号：JK19114）”成果推广活动在滁州市东坡中学成功举行。合肥市行知实验中学校长周武、课题负责人程俊及核心人员应邀出席，滁州市各初中数学教师代表齐聚一堂，共同探讨智慧课堂与初中数学精准教学的融合路径。活动由南谯区教研室储成俊主任主持，旨在通过示范教学与理论研讨，助力教师提升精准教学能力，推动数学课堂提质增效。\n一、精彩课堂、智慧赋能：\n活动伊始，滁州市东坡中学的靳春旭老师以《平行线的判定》为课题，带来一节精彩纷呈的展示课。靳老师从相交线的知识引入，完美衔接平移概念，贴合大单元教学理念。课堂从生活中的平行线实例切入，引导学生逐步抽象出平行线的数学定义、表示方法及基本事实，教学设计层次分明，师生互动自然流畅，充分激发了学生的探索热情，彰显出扎实的教学功底和独特的教学魅力。\n随后，合肥市行知实验中学邓小妹老师带来同课异构的智慧课堂展示课。邓老师依托智慧课堂平台，巧妙设计“课前测--课中测--课后测”三环节，依据课前测数据精准调整教学内容，借助课中测实时掌控学生对新知识的掌握情况，针对答题错误的学生进行一对一讲解，实现精准教学。其生动活泼的课堂语言与扎实深厚的教学功底，极大地调动了学生的学习积极性，充分展现了智慧课堂在提升教学精准度和效率方面的独特优势，为参会教师提供了可借鉴的智慧教学范例。\n二、专家点评，深度引领：\n展示课后，滁州市教育科学研究院张颖对两节课进行精彩点评。张颖高度肯定了靳春旭老师的课堂教学设计和靳老师扎实的教学基本功，同时对邓小妹老师运用智慧课堂教学手段实现精准教学给予高度评价，认为两节课都充分体现了以学生为中心的教学理念，有效提升了课堂教学效率，为教师们在今后的课堂教学中运用现代信息技术提供了有益的借鉴和参考。\n三、主题报告，指引方向：\n合肥市行知实验中学周武校长以《从“模糊灌溉”到“精准滴灌”》为题作专题报告，系统阐述了“基于智慧课堂的初中数学精准教学实践研究”的产生背景、研究方法、形成的“三阶六环”精准教学模式及具体案例，深入剖析了当前初中数学教学面临的学情反馈滞后、分层标准模糊、资源匹配低效等困境，结合课题研究成果，详细讲解了智慧课堂在精准教学中的核心作用，强调通过大数据分析技术，教师可实现学情实时诊断、资源精准推送及教学策略动态优化，从而突破传统课堂的局限。精彩的报告为参会教师提供了明确的研究方向与具体可行的教学方法，赢得了现场教师的阵阵掌声。\n四、协同合作，共绘新篇：\n本次成果推广活动为滁州市教师搭建了优质的学习交流平台，深化了瑶海区与滁州市的教育协作。这不仅是智慧课堂教学成果的一次展示，更是教育理念与教学模式的一次深度交流与碰撞。未来，双方将继续携手共进，深入探索信息技术与学科教学的深度融合路径，以智慧课堂为抓手，推动教育数字化转型，共同为区域教育高质量发展注入新动能，开启教育创新发展的新篇章，助力每一位学生在数学学习中实现个性化成长与进步。\n免责声明：该文章系我网转载，旨在为读者提供更多新闻资讯。所涉内容不构成投资、消费建议，仅供读者参考。'),(632,'来源：鲁网','2025-06-17 12:24:00','企知道联袂济南敬贤集团， 科创+商贸双平台赋能华北三省产业升级','6月14日，企知道与济南敬贤集团在济南正式签署战略合作协议，企知道董事长夏华标与敬贤集团总经理高杨出席仪式。双方将深度协同，联合推广企知道“科创空间”“商贸空间”两大数智化平台，共同助力山东、河北、山西三省企业技术创新与拓展市场。此次合作标志着企知道服务商模式正式落地北方市场。\n(企知道与济南敬贤集团战略合作签约仪式)\n当前全球经济格局深度调整，山东、河北、山西三省企业正积极探索创新转型路径。山东大力推进绿色低碳高质量发展先行区建设，河北持续深化京津冀协同发展，山西加速能源革命进程，为产业升级注入新动力。但三省产业依然面临结构性难题，石化、钢铁、煤炭等传统产业仍占据主导，新兴产业难以快速形成规模效应。此外，全球供应链重构导致订单流失与成本上升，中小企业研发投入不足、创新人才流失等问题也亟待解决。\n(企知道与济南敬贤集团战略合作授牌仪式)\n在此背景下，企知道依托大数据与AI技术构建的创新资源全链条服务体系，为三省企业转型提供了新方案。针对企业创新难、成本高、信息不对称的痛点，“科创空间”精准分析技术路径，智能生成创新方案，降低研发试错成本;针对市场拓展难题，“商贸空间”汇聚全球企业信息，为企业匹配国内外潜在客户，寻找增长点。\n(企知道与济南敬贤集团战略合作合影留念)\n敬贤集团是华北领先的企业服务机构，总部位于济南，在青岛、烟台、石家庄、太原等城市设有分公司，服务覆盖山东、河北、山西三省，深度赋能环渤海经济圈与部分中原城市群的核心产业区。依托500多人的专业团队，敬贤集团为企业提供政策咨询、资质申报、知识产权管理、技术转移转化等全方位服务，累计培育国家高新技术企业3500多家、专精特新企业1800多家。\n夏华标表示，敬贤集团深耕北方市场多年，对区域企业创新需求和产业特点理解深刻。此次与敬贤集团的合作，是企知道技术产品落地华北的重要实践。双方将携手加速科创空间与商贸空间的推广应用，助力晋冀鲁企业高质量发展，实现创新突破和市场拓展。\n高杨表示，此次合作为敬贤集团提升服务效能、拓展市场空间提供了强大技术支撑。借助企知道的平台能力和全球科创资源，敬贤集团将持续精进服务品质，赋能更多企业创新增长。\n附：济南敬贤集团公司地址\n济南总部：山东省济南市历下区平安金融中心中央商务区1单元20层\n烟台分公司：山东省烟台市芝罘区青年南路1088号山语城2号楼附35号\n青岛分公司：山东省青岛市市北区敦化路街道龙城路31号4号楼18层\n石家庄分公司：河北省石家庄市长安区建华北大街28号中恒大厦北塔303-3房间\n太原分公司：山西省太原市小店区太榆路太原南站国际商务港北区1号楼3层\n免责声明：该文章系我网转载，旨在为读者提供更多新闻资讯。所涉内容不构成投资、消费建议，仅供读者参考。'),(633,'来源：周口网','2025-06-17 11:22:00','以创新为翼，政务服务再升级','当数字化浪潮奔涌而至，政务服务的革新如同一幅徐徐展开的工笔画，每一笔都凝结着为人民服务的匠心。山东省威海市烟草专卖局以创新为椽笔，在政务服务的画卷上勾勒出破茧成蝶的蜕变轨迹，让制度的温度与效率的光芒交相辉映，为行业发展注入生生不息的活力。\n深耕调研沃土，精准定位需求\n“刘老板，您好，最近生意还好吧？对我们的服务有什么意见或者建议吗？”客户经理王吉仕的话语如春风拂过，在零售客户的商店内激起涟漪。当刘老板道出“政策了解不够及时”的困惑时，工作人员手中的记录册便成了收集零售客户的星盘，每一笔勾勒都在定位服务升级的坐标。\n（图为客户经理王吉仕入户调研）\n威海市烟草专卖局以脚步丈量服务的维度，用温暖的话语搭建心桥。针对政策传递的“时间差”，他们构建起多维信息传导网络——短信如流星划破信息壁垒，微信公众号似灯塔永续发亮，让最新的政策及时传递给零售客户。这不是简单的信息推送，而是将服务化作有温度的点点弟弟，让每个商户都能在政策星空中找到属于自己的航向。\n流程精简优化，提升办理速度\n“以前办理许可证变更要等好久，就像跨栏跑，现在流程简化像走直道，效率真的提高了很多，我们商户做生意也更方便了。”一位零售客户在体验了新的办理流程后赞不绝口。\n（图为政务大厅工作人员张琳办理行政许可）\n零售客户的直观感受，印证着威海市烟草专卖局流程革新的成效。威海市烟草专卖局以“零售客户思维”重构审批链条，对行政许可流程进行了全面的优化，线上平台成为流程优化的核心载体，商户可以一次性上传所有材料，工作人员在线上进行初审，对于材料齐全且符合要求的申请，直接进入下一审批环节，实现数据分钟级共享，让平均办理时限缩短40%以上。\n淬炼服务内核，保障服务质量\n“许可证审核如鉴古玉，毫厘之差便可能损及市场肌理……”培训讲堂上的案例教学，如清泉滴落在政务服务者的心田。威海市局深谙，服务质量的根基在于人才的千锤百炼，故而搭建起三维培训体系，让专业素养如琼林玉树般挺立于服务前沿。\n政务服务人员的专业素养和服务态度直接影响着服务质量,威海市局高度重视人员教育培训工作，定期组织工作人员参加各类培训活动。培训内容涵盖烟草专卖法律法规、最新政策解读、服务礼仪等多个方面。法律法规培训以案例为舟，摆渡法律条文至实践的彼岸；服务礼仪培训用情景模拟作桥，连接理论认知与沟通艺术。当工作人员小李从培训课堂走出，他眼中的光已化作服务的火炬——那是将专业知识酿成甘霖的匠心，是把服务礼仪化作春风的情怀，让每个政务窗口都成为传递温度的琉璃盏。\n科技赋能助力，拓宽服务边界\n“王老板，我们新推出了个‘查询神器’，您可以通过它方便地查询很多业务信息，您这会儿有时间吗？给您讲解一下操作指南。”\n（图为客户经理宋美荣向零售户讲解手机应用操作）\n随着科技的不断发展，威海市局积极借助科技手段，拓展政务服务渠道。除了优化线上办理平台外，还开发了移动政务服务应用。零售客户可以通过手机应用，随时随地查询许可证办理进度、了解烟草行业政策、咨询业务问题等。同时，威海市局利用大数据技术，对商户的经营数据进行分析，为商户提供个性化的经营建议。比如，通过分析商户的卷烟销售数据，为销售不佳的商户提供促销方案和产品推荐，帮助商户提高经营效益。\n以创新为翼，政务服务的升级永不止步。威海市烟草专卖局用调研扎根需求、以流程重塑效率、凭人才夯实内核、借科技拓展边界，让政务服务如春风化雨，浸润每一位零售客户的心田。这不是服务升级的终点，而是新征程的起点—当创新的笔触持续勾勒政务服务的新图景，便能让制度的温度与发展的活力同频共振，为行业高质量发展铺就一条充满阳光与暖意的前行之路。（ 丛甜甜）\n免责声明：该文章系我网转载，旨在为读者提供更多新闻资讯。所涉内容不构成投资、消费建议，仅供读者参考。'),(634,'来源：人民网－吉林频道','2025-06-17 10:57:00','高质量发展看汽开 | 营商环境“主引擎” 轰响高质量发展新赛道','“原本觉得办理起来可能会比较复杂的手续变得简洁明了，给我吃了一颗‘定心丸’。”今年2月，长春凯源汽车零部件项目在长春汽车经济技术开发区（以下简称长春汽开区）政务大厅顺利办理了施工许可手续。\n当前，该项目正全力加速建设中，并计划当年开工建设、当年竣工投产、当年释放产能。长春凯源汽车部件有限公司总经理周清文说：“为了赶上工期，我肯定是希望尽快下证，但是对具体的办理过程心里又没什么底，汽开区政务服务中心的工作人员和领办代办队伍发挥了重要作用，现在办事实在是太方便了。”\n在长春汽开区这片汽车产业热土上，这样的办事体验正成为越来越多企业的日常感受。\n作为吉林省汽车产业战略布局的“主战场、主阵地、主渠道、主引擎”，长春汽开区不仅扛起使命担当，更以营商环境这泓活水的持续优化，为高质量发展注入强劲动能，驱动产业列车在新时代的轨道上全速前行。\n服务“加速度”，政策追着企业走\n时间是制造企业的生命线。为让企业轻装疾驰，汽开区刀刃向内，大幅压缩审批流程，涉及企业设立、变更等高频事项，借力智能化系统，实现自动比对、即时核准，企业登记最快压缩至几十分钟内完成。\n“我们持续深化政务服务‘极简审批’和‘一网通办’，截至目前，我区政务服务、行政许可事项承诺时限分别压缩至83.5%、79.3%，可实现全程网办事项791项。全省高频事项全程网办率达87.62%，满足全程网办条件的事项，办事人无需到现场，只需在‘吉事办’小程序网上办事大厅提交材料，即可在线办理，办事效率和办事便捷度显著提升。”长春汽开区政数局局长魏蓬说。\n不仅如此，长春汽开区还建立了项目服务专员机制，从签约落地到投产运营，全程提供“一对一”跟踪服务，主动破解企业在用地、用工、融资等环节的堵点痛点。对符合条件的企业扶持政策，无需企业主动申请，通过大数据精准匹配，让惠企政策如“及时雨”般自动送达，变“企业找政策”为“政策追企业”。\n要素“全保障”，提升发展支撑力\n汽车产业是资金、技术、人才密集型产业，长春汽开区以构建“要素引力场”为目标，持续提升发展支撑力。\n“没想到知识产权也能质押贷款！”长春汽开区某科技型小微企业负责人李女士在银企对接会上说。\n锦程街道持续秉承服务营商环境就是服务经济发展的理念，坚持抓项目建设与抓营商环境“两手并重”，组织便民服务大厅成立“移动服务队”，讲政策、送服务。\n目前，已走访企业500余次，现场解决4S店工伤保险申报等实际问题1500余件，在为402家企业收到的800余份定制化政策指南的同时，通过“唠家常”话语听取商户企业意见，其中集中反馈的中小微企业融资难的问题，街道党工委周密部署、链接资源，召开专题推介会3次，积极推进辖区内有需求的中小微企业与辖区9家银行，截至目前，分阶段、分层次成功推进5家企业融资400余万元。\n在人才方面，建设高品质人才公寓、完善医疗教育配套，让人才真正“引得进、留得住、干得好”。在配套方面，持续完善区域基础设施和公共服务配套，让区内企业“足不出区”即可获得产业服务支撑，大幅降低运营成本。\n生态“强优化”，活力澎湃新沃土\n一流的营商环境，不仅是高效服务，更是充满活力的创新生态。\n“链”上发力聚动能——长春汽开区围绕一汽整车龙头，强力推进强链、补链、延链工程。通过精准招商，吸引国内外顶尖的电池、电机、电控、智能网联等领域核心零部件和研发机构聚集，打造紧密协同、共生共荣的产业生态圈。如今，区内核心零部件本地配套率正稳步攀升，集群竞争力日益凸显。\n创新雨林生机盎然——大力支持企业建设国家级、省级重点实验室、技术创新中心；打造“政产学研用金”深度融合平台，促进科技成果高效转化；设立孵化器和加速器，为汽车领域初创企业提供从“苗圃”到“森林”的全周期成长支持。浓厚的创新氛围，正吸引着全球创新要素在此交汇碰撞。\n法治诚信筑根基——坚持依法行政，推行包容审慎监管，为新业态新模式预留发展空间；完善社会信用体系，强化知识产权保护，营造稳定公平透明、可预期的法治化营商环境，让各类市场主体都能安心经营、放心发展。\n营商环境的持续升维，正转化为区域高质量发展的澎湃动能。截至目前，长春汽开区工业增加值、固定资产投资增长、限上社零额增长、服务业核算行业营收增长等各项主要经济指标均超额完成量化目标任务。\n营商环境之优，没有终极终点，唯有持续精进。长春汽开区以“主引擎”的自觉，不断优化营商环境这一核心竞争力，正加速将自身打造为要素集聚的“磁场”、企业发展的“沃土”、投资兴业的“宝地”。\n当营商环境的“一池春水”被持续激活，这片土地上所孕育的汽车产业“主引擎”，必将爆发出更强劲的驱动力，在高质量发展的新赛道上，一路轰鸣，一往无前！'),(635,'来源：中国日报网','2025-06-17 10:30:00','慧博云通携金融科技解决方案亮相上交会，展示数据智能创新成果','引言：数字经济时代，伴随科技应用水平的不断提高，传统行业纷纷开启数字化转型升级，各类新场景、新业态、新模式不断涌现。在金融领域，作为金融强国建设的重要内容，金融科技的内涵与外延也逐步演化出与新时代相适应的趋势特征。\n在近日举行的第十一届中国（上海）国际技术进出口交易会上，慧博云通作为一家国际化、专业化、创新型的综合数智技术服务提供商，在展会上全方位展示了公司金融领域的专业解决方案及技术成果，旨在为行业数字化转型提供创新思路与实践路径。\n本次慧博云通展出的创新解决方案体系采用\"三位一体\"架构设计：围绕金融科技方向的数据智能业务场景，以自主可控、安全可靠的数据底座、大模型底座为基石，以智能高效的数据中台、AI中台为枢纽，构建覆盖金融业务全场景的智能化应用生态，打造了贯穿金融机构从数字化到智能化转型全过程的一站式定制化服务体系。\n当前，金融行业正经历从“规则驱动”向“智能涌现”的范式变革。在前端，全渠道数字化服务成为标配；在后端，海量数据治理与信创转型带来双重挑战。慧博云通提供的数据智能解决方案，正是要帮助金融机构构建从底层基础设施到上层智能应用的完整能力链。\n慧博云通持续深耕金融科技领域，通过战略并购加速布局高潜力赛道，着力打造金融IT服务能力。公司聚焦数据业务化阶段，提供涵盖数据智能、数字财务、新一代信贷等核心解决方案，以及数智化转型咨询、信创改造等全生命周期服务。凭借在IT运维、云平台搭建等领域的专业技术服务能力，慧博云通为金融机构客户提供从数据底座到应用场景的一站式定制化服务，助力其实现互联网金融和数字化金融转型。\n从数据底座到应用场景金融数智化全面升级\n数据底座是金融科技发展的根基。慧博云通积极响应加速推进信创（信息技术应用创新）大数据平台建设的时代需求，推出信创大数据平台，针对传统CDH、HDP等海外大数据平台的不可持续性，实现国产化替代与性能优化，保障金融机构的数据全生命周期安全。\n在金融机构数字化转型进程中，数据中台正日益成为连接底层数据架构与上层业务应用场景的核心枢纽。慧博云通凭借专业的技术能力及对金融场景的深度理解，构建了集“数智化转型咨询、数据治理与标准化、数据建模与迁移”等核心功能于一体的企业级数据中台解决方案，通过打造\"科技赋能、数据驱动、业务联动\"的服务能力中枢，助力金融机构实现从“业务数据化”到“数据业务化”的跃迁。\n在本次展会上，慧博云通现场演示的\"数智化中台解决方案\"引发广泛关注。该方案已成功应用于多家金融机构，助力其实现业务升级与降本增效。如某券商基于该方案实现CDH到信创大数据平台的平滑迁移，运维成本大幅降低。\n在金融科技加速发展的当下，慧博云通通过深度场景化创新，推动数据智能技术在金融业务全链条的落地应用。公司构建了覆盖智能决策、风险管理、数字营销、智能合同审核、供应链金融、数据资产入表七大核心场景的解决方案体系，以技术创新切实赋能金融业务增长。\n近年，以DeepSeek为代表的AI技术为行业带来了前所未有的发展机遇，驱动着金融机构开展一场新的数字化转型竞赛。在AI技术应用方面，慧博云通展现出优秀的创新能力，其中智能合同审查平台为客户实现条款级风险识别，审查效率显著提升；此外，慧博云通助力浙江某民营银行通过构建远程银行坐席客服大模型知识库、授信知识库协助，显著提升工作效率。\n金融科技的终极价值在于业务赋能，慧博云通正通过场景化的数据智能应用，帮助金融机构构建获客、风控、运营的全新增长曲线。目前，慧博云通的解决方案已在银行、保险、证券等领域实现规模化应用，持续推动金融业务模式创新与效能提升。\n共建可信AI生态智启金融未来新篇\nAI技术的蓬勃发展为突破金融行业传统瓶颈带来革命性契机。面对行业新变革，慧博云通聚焦AI时代金融智能化发展需求，着力打造技术可控、数据可信、算法可解释的AI金融新生态。公司持续推进“AI+”的实践，以AI重构生产力，通过深化AI技术在风险管控、智能决策、客户服务等关键领域的创新应用，为自身及客户在效率、成本与创新维度提供可持续竞争的新质生产力，助力金融机构实现运营效率与服务质量的全面提升。\n在数字化浪潮下，慧博云通将继续深耕前沿技术，拥抱AI驱动的数智化核心，携手行业伙伴共建开放、协同、安全的金融科技智慧生态。在数据智能的持续赋能下，金融行业必将迈向更高效、更普惠、更安全的智慧化发展新阶段，开创金融服务实体经济的新格局。'),(637,'来源：中国日报网','2025-06-17 21:02:00','退休不褪色 七旬科研人开启品质养老生活','退休不是人生的谢幕，而是另一场精彩的开幕。\n在北京丰台区的一间普通居室里，75岁的刘春明正用布满岁月痕迹的双手，轻轻抚过电子琴的黑白键。作为新中国火箭固体燃料的研发工作人员，他一生奉献为“星火”，退休后的人生并未因岁月褪色，反而在红松小课电子琴课程的助力下，焕发出新的活力。\n“我们这一辈老年人，希望退休后还能继续追寻属于自己的舞台，期待养老生活有品质、有乐趣。”刘春明表示，而像红松小课这样专注于服务银发群体的科技平台，正通过兴趣学习、银发游、线上线下活动等多元化服务，为无数银发族提供着探索新世界的舞台。\n上世纪50年代，年幼的刘春明因拆解家中收音机被父母责骂，却从此埋下探索的种子。中学时，他靠书本知识组装矿石收音机、高保真扩大机，甚至自学针织为家人缝制衣物。1975年从复旦大学高分子化学专业毕业后，他投身国防科研，开始参与火箭燃料实验和导弹研发，一干就是数十年。“那时候每天泡在实验室，测试、失败、再测试。别人觉得枯燥，我却觉得为国家做事，再累也乐在其中。”他摩挲着泛黄的荣誉证书回忆道。\n正是这份乐在其中的纯粹，让他在退休后拒绝躺平。打牌下棋的常规老年生活让他提不起兴趣，转而将目光投向更广阔的天地：烘焙、摄影、手工创作……2014年，他用废纸壳为外孙制作的圣诞手工作品意外斩获北京市环保大赛奖项，从此开启变废为宝的创作生涯：公园景观被他用旧报纸复刻成花架，雷神之锤玩具从快递箱中诞生，全屋收纳系统竟出自捡来的树枝与泡沫板。邻居笑称他是“丰台手工耿”，他却说：“我就是见不得好东西被浪费，总想试试能不能让它焕发第二春。”\n如果说手工是刘春明退休生活的底色，那么音乐则是他近年发现的新大陆。\n“年轻时搞科研没时间培养爱好，现在得补回来！”2022年，他在红松小课报名电子琴课程，开启了人生第一堂音乐课。红松小课专为中老年人设计的零基础渐进式教学体系让他眼前一亮，从五线谱识读到指法训练，课程像拼积木般层层递进；直播课老师会放慢语速重复重点，课后还有助教一对一纠错。如今，他每天练琴一小时，已能流畅弹奏很多经典曲目。\n类似红松小课这样的服务正在以适老化的课程设计、温暖的社群陪伴、低门槛的学习方式，悄然重塑着老年生活的样貌，无数个像刘春明这样的“硬核爷爷奶奶”，在这里找到了第二人生。这些曾经被贴上迟缓、保守标签的银发族，正通过持续学习打破年龄壁垒，用热爱重新定义晚年的价值。\n当老龄化社会加速到来，如何让老年人摆脱被动养老的困境，成为全社会的重要课题。类似银发科技平台的出现，不仅为老年人打开了探索新世界的窗口，更以创新之力重构了老有所为、老有所乐的养老生态。这类平台通过科技的温度与教育的深度，将“被动养老”转化为“主动创造”，让银发经济跳出传统医疗照护的单一框架，转向更具活力的人文关怀与精神滋养。\n未来，随着5G、AI、虚拟现实等技术的深化应用，将更好地为银发人群的美好退休生活赋能，称为科技的更大使命，在于推动形成政府引导-科技赋能-市场响应-社会参与的协同生态，让品质养老不再是少数人的幸运，而是整个银发群体的标配。'),(638,'来源：央视新闻客户端','2025-06-17 15:25:00','首颗、首例、首座！上周末被这些新突破“硬控”','首 颗地球物理场探测业务卫星成功发射\n首 例侵入式脑机接口临床试验成功开展\n首 座跨越黄河的铁路钢桁拱桥成功封顶\n商用堆生产钇-90技术成功实现突破\n上周末\n被这些新突破“硬控”了！\n我国首颗地球物理场探测业务卫星\n“张衡一号”02星成功发射\n上周六\n我国在酒泉卫星发射中心\n用长征二号丁运载火箭\n成功将电磁监测卫星“张衡一号”02星\n发射升空\n这是我国在地球物理场空间观测领域\n探测能力建设的又一重大成果\n进一步提升我国对重大自然灾害的\n“天-空-地”立体监测能力\n“张衡一号”02星\n是国家民用空间基础设施中长期发展规划中\n首颗地球物理场探测业务卫星\n携带包括电场探测仪等在内\n9种科学探测设备\n主要用于对\n全球电磁场、电磁波、电离层、中性大气层等\n地球物理场范畴的相关参数\n开展准实时监测\n我国成功开展\n首例侵入式脑机接口临床试验\n近日\n中国科学院脑科学与智能技术卓越创新中心\n联合复旦大学附属华山医院\n与相关企业合作\n成功开展了\n我国首例侵入式脑机接口的前瞻性临床试验\n该成果标志着\n我国在侵入式脑机接口技术上\n成为全球第二个进入临床试验阶段的国家\n未来这一系统将有望为\n脊髓损伤、截肢等患者群体\n通过运动功能替代技术实现生存质量改善\n我国首座跨黄河铁路钢桁拱桥\n进入主桥合龙冲刺阶段\n上周六\n我国首座跨越黄河的铁路钢桁拱桥\n青海尖扎黄河特大桥\n吊索塔架实现封顶\n正式进入主桥合龙冲刺阶段\n尖扎黄河特大桥于2023年开始施工\n此次封顶的吊索塔架\n单座重达1800吨\n边跨最大索力1161吨\n相当于一个巨大的钢铁杠杆\n为主桥合龙提供承重和拉力\n该大桥预计将于今年8月实现合龙\n“钇”举突破\n我国成功实现商用堆生产钇-90\n上周日\n经秦山核电“和福一号”辐照过后的\n钇-90玻璃微球\n顺利出堆并通过相关检测\n标志着我国成功掌握\n商用堆生产钇-90技术\n可实现批量化生产\n同时\n秦山核电基地中的商用重水堆核电站\n对生产钇-90也有着独有的优势\n钇-90玻璃微球是一种\n释放β射线的放射性同位素药物\n通过血管介入手段\n将载有钇-90的微球输送到肝脏动脉\n可对肝部肿瘤病灶进行精确治疗\n一次次新突破刷新中国速度\n诠释中国智慧\n期待未来更多惊喜！\n监制丨郑弘制片人丨文雅策划丨张慧彬编辑丨隋博宇审校丨左中明'),(639,'来源：中国日报网','2025-06-16 19:11:00','2025“恒·爱”乳腺癌患者关爱活动举行 点亮身心康复之路','6月15日，由上海市爱国卫生运动委员会办公室指导，中国抗癌协会乳腺癌整合学会、上海教育电视台、上海健康频道、上海市健康促进中心、北京中康联公益基金会联合主办，恒瑞医药提供公益支持的2025「恒·爱」乳腺癌患者关爱活动在上海鲁迅公园微风礼堂拉开帷幕。活动通过医学、心理与家庭支持的多维联动，为患者构建身心并重的康复生态，也让社会看到了家庭支持在抗癌路上不可替代的力量。\n上海市爱卫办副主任、上海市卫健委健康促进处处长王彤，复旦大学附属肿瘤医院吴炅教授，恒瑞医药事业部副总经理彭湃在致辞中从不同角度强调了乳腺癌康复是系统工程，需整合医疗资源与家庭支持网络，并呼吁提升生存质量与延长生存期同等重要。\n活动亮点“脱口秀「理解」”打破传统科普形式。癌症科普专家李治中讲述了作为家属应给予乳腺癌患者更多的理解与陪伴。杨犇龙教授讲述了更好的医患关系是互相理解。\n《中国HR+/HER2-晚期乳腺癌患者生存现状蓝皮书》在活动中发布。蓝皮书主编——复旦大学附属肿瘤医院吴炅教授、河北医科大学第四医院耿翠芝教授、青岛大学附属医院乳腺病医院乳腺诊疗中心王海波教授向患者代表赠书，并在媒体发布会中回应了社会各方关切问题。蓝皮书关注中国HR+/HER2-晚期乳腺癌患者长期治疗中的不良反应与治疗体验，以患者报告结局帮助患者参与诊疗决策推动乳腺癌“以患者为中心”的治疗模式。从临床患者需求出发，帮助医疗、社会及患者家庭带来数据洞察，具有多重意义。\n跨界访谈“共振”聚焦患者身心康复与社会融合的关键议题。天津医科大学肿瘤医院刘红教授、上海市精神卫生中心乔颖教授、上海市健康促进中心唐文娟书记在访谈中剖析了患者需要基于理解的关爱而非悲情叙事；社会应接纳脆弱，以平常心支持回归；医疗体系需向身心共治转型，重视形象保留与生活质量。这其中，推动包括药物研发在内的诊疗手段持续进步，尤其是发展能解决影响患者社会融入和生活质量问题的中国方案，是实现身心共治的重要支撑。\n天津医科大学肿瘤医院刘红教授宣读了“乳腺癌患者家庭日”的设立倡议，倡议每年的10月10日成为乳腺癌患者家庭日，预示每个家庭十全十美的生活能再次绽放。\n（中国日报上海分社 周文婷）'),(640,'来源：东方网','2025-06-16 09:14:00','科技创新·科普惠民 iRest艾力斯特温州国际康复大会共研AI新发展','5月28日-30日，以 “科技创新?科普惠民” 为主题的第二届温州国际康复大会在温州成功举办。29日下午，第二届温州国际康复大会暨艾力斯特·AI+康复器械创新与发展高峰论坛隆重召开。本次大会聚焦人工智能、机器人技术、脑机接口、远程医疗等创新手段在康复医学领域的应用，搭建前沿学术交流平台，助力 “健康中国” 建设。设立了院士论坛、康复大咖论坛以及 18 个专业分论坛，吸引了国内外众多权威康复科技工作者参与。\niRest艾力斯特作为按摩器具行业的领头企业，也是本次大会的承办单位，全面参与了此次盛会。会上iRest艾力斯特不仅展示了按摩器具行业领先的科研发展成果，还围绕AI+康复器械的发展与创新，与行业专家学者进行广泛深度交流。同时向省残疾人福利基金会公益捐赠，践行企业“科技普惠”的社会责任。\n多元合作 共谋AI创新发展\n在本次大会上，iRest艾力斯特与温州医科大附属第二医院签订了新横向课题合作协议。依托重点专科的临床数据优势，结合艾力斯特在智能传感、人机交互领域的技术积淀，共同攻克相关临床难题，推动前沿技术早日实现应用。iRest艾力斯特还与温州理工学院签订战略合作协议，共建数据大模型产业学院，开发康复领域专用大模型。推动康复评估个性化、治疗方案精准化、设备运维智能化。\n此外，iRest艾力斯特与浙江强脑科技达成合作，共同致力于脑机融合与智能康复器械创新发展，将实现全球领先的非侵入式脑机接口技术融合。将脑机接口技术引入iRest艾力斯特智能按摩椅，可通过生物信号感知技术捕捉人体肌肉、神经的细微变化，结合实时反馈调节与个性化算法，让按摩椅能够根据用户的身体状态动态调整按摩策略。这种深度融合将打破传统按摩的局限性，使按摩精准度提升到全新高度，拓展了智能康复和健康管理的全新边界。\n英才汇聚 科研惠普双向发力\n创新驱动发展的时代，企业更要聚天下英才而用之。本次大会宣布“艾力斯特创新研究院”正式成立，研究院聘请多位院士专家担任重要职务，整合了全球顶尖学术资源、产业力量与临床经验。聚焦智能康复机器人、脑机接口、AI大模型等前沿技术攻关、康复器械应用。推动康复器械从“中国制造”迈向 “中国智造”。\n会上，iRest 艾力斯特正式聘任温州医科大学康复医学院学术院长、日本工程院外籍院士刘震为人工智能康复首席科学家，俄罗斯工程院外籍院士薛伟为康复机器人技术首席科学家。进一步夯实了iRest艾力斯特在智能康复器械领域的专业力量，在按摩器具行业的研发创新实力。\n除了不断提高企业研发实力，iRest艾力斯特总裁周玲卫还特别强调：\"要让前沿技术惠及弱势群体，这是企业创新的终极使命。\"会上艾力斯特还向浙江省残疾人福利基金会，捐赠价值100万元人民币的智能康复设备，践行企业“科技普惠”的社会责任，也标志着“产学研用”生态闭环的全面成型。\n群英论道 共探智能康复未来\n此次论坛汇聚全球顶尖专家学者、企业领袖和技术先锋，围绕智能康复器械创新与发展等主题先后作主旨演讲：日本工程院外籍院士刘震，深入解析AI技术对康复器械的升级与创新作用；复旦大学类脑智能科学与技术研究院副院长王守岩，阐述了脑机接口与神经调控融合发展趋势；世界中联互联网健康产业分会会长倪荣，剖析了数智时代中医药与康复融合创新现状及挑战......\n最后，以“艾力斯特·AI+康复器械创新与发展”为主题的高峰论坛，将本次大会推向高潮。各位嘉宾围坐一堂，深入探讨 AI + 康复器械产业新趋势、新技术、新模式，为行业未来发展提供思路与启示。\n人工智能的崛起，重塑着未来的发展方向。随之而来的“AI+”技术的兴起，不仅带来了前所未有的挑战，也酝酿着全新的发展契机。本次大会的圆满落幕，再一次印证了全球康复产业对技术创新的迫切需求与合作共赢的强烈意愿。iRest艾力斯特作为按摩器具行业领军者，未来也将持续致力于“AI +康复”业态的完善，积极推动康复器械前沿技术的创新发展。\n免责声明：该文章系我网转载，旨在为读者提供更多新闻资讯。所涉内容不构成投资、消费建议，仅供读者参考。'),(641,'来源：中国证券报','2025-06-16 07:53:00','用意念玩游戏？我国成功开展首例侵入式脑机接口临床试验','我国侵入式脑机接口进入临床试验阶段\n近日，中国科学院脑科学与智能技术卓越创新中心联合复旦大学附属华山医院与相关企业，开展了侵入式脑机接口的前瞻性临床试验。这标志我国在侵入式脑机接口技术上成为继美国之后，全球第二个进入临床试验阶段的国家。\n受试者是一位因高压电事故四肢截肢的男性。受试者2025年3月植入该脑机接口设备以来，系统运行稳定，术后至今未出现感染和电极失效的情况。仅用2周至3周的训练，受试者可以借助脑机接口系统下象棋、玩赛车游戏，达到了跟普通人控制电脑触摸板相近的水平。\n脑机接口通常根据设备与大脑组织的接触程度分为侵入式、半侵入式和非侵入式三类，其中侵入式采集信号质量最好，难度也最大。\n植入体与电极（受访者供图）\n记者采访了解到，中国科学院脑科学与智能技术卓越创新中心赵郑拓研究员团队及李雪研究员团队研制生产的脑机接口系统，由一个硬币大小的脑控植入体和两条细若游丝的电极组成。电极连接在植入体上，电极粗细仅约发丝的百分之一，植入体直径为26毫米、厚度不到6毫米。\n植入该系统不用整体贯穿颅骨，而是在大脑运动皮层上方的颅骨上“打薄”出一块硬币大小的凹槽用以镶嵌设备，再在凹槽中打一个5毫米大小的穿刺孔。\n科研人员在中国科学院脑智卓越中心的微纳电子加工平台实验室内工作。新华社记者 方喆 摄\n华山医院团队在术前运用脑功能成像技术，为患者大脑运动皮层绘制出详细功能“地图”，手术时借助高精度导航系统实现电极精准植入。\n实时在线解码是脑机接口技术的关键环节。赵郑拓表示，团队研发了在线学习框架，实现神经解码器的动态优化，可以在十几毫秒的窗口期内完成神经信号特征提取、运动意图解析及控制指令生成。\n下一步，项目团队会尝试让受试者使用机械臂，后续还将涉及对机器狗、具身智能机器人等复杂外部设备的控制。\n来源：新华社\n记者：董雪、张泉'),(642,'来源：中国日报','2025-06-15 12:33:00','第二届中国健康促进大会在上海召开——提升健康素养 共创健康未来','6月14日，第二届中国健康促进大会在上海召开。这是继2016年11月在上海召开的世界第九届健康促进大会之后，在上海召开的又一次健康促进盛会。来自卫生健康界、教育界、科技界、传媒、NGO组织等一批重量级嘉宾和代表约800余人出席了会议。\n据大会组委会介绍，今年是“十四五”规划收官之年、全民健康素养提升三年行动（2024-2027）承上启下的关键之年，此次大会在第二个全民健康素养月召开具有重要现实意义和长远意义。\n大会在《携手共创健康未来》宣传片的展播中启动，开幕式由中国健康促进与教育协会常务副会长兼秘书长孔灵芝主持。\n中国健康促进与教育协会会长、北京大学公众健康与重大疫情防控战略研究中心主任李立明致欢迎词。他深情回顾了第一届中国健康促进大会全民动员、全社会参与的感人场景及发布的《健康促进杭州宣言》，旨在通过政府主导，全社会动员，多部门协作，全民参与，创造一个促进和维护健康的环境。今天召开的第二届中国健康促进大会，将以“提升健康素养 共创健康未来”为主题，旨在推动健康素养成为群众的文化自觉，共建共享健康中国。\n第十二、十三届全国人大常委会副委员长、国家卫健委四大慢病重大专项技术总师陈竺院士，上海市人民政府陈宇剑副市长，上海市人大常委、教科文卫委主任委员徐建光等领导出席会议并讲话。国家卫生健康委员会副主任、国家疾病预防控制局局长沈洪兵院士发表视频讲话。\n本次大会围绕主题，精心设计，亮点纷呈。\n亮点一：主旨报告聚焦主题，大咖论“健”。由中国健康教育中心副主任李英华研究员、中国传媒大学研究生院院长任孟山教授、复旦大学附属眼耳鼻喉科医院院长周行涛教授，分别围绕国民健康素养提升、媒介迭变与健康研究、中国儿童近视发病趋势与一级预防等主题作了专题报告。主论坛由中国健康促进与教育协会副会长、中国健康教育中心副主任吴敬主持。\n亮点二：信息发布聚焦热点，关注民生。中国健康促进与教育协会副会长邓瑛，在大会上发布了全国疾控健康传播品牌打造技能大赛评出的“年度十大健康传播品牌”；协会新通过的5项健康促进与教育团体标准；中国健康促进与教育协会联合中华预防医学会、中国妇幼保健协会、中国营养学会、中国老年学和老年医学学会、中国老年保健协会，向全社会发出将每年6月10日所在的一周设为“预防老年人跌倒宣传周”的倡议书。\n亮点三：“脱口秀”聚焦健康，妙趣科普。会议特邀上海市卫健委组织了赏心悦目的“健康脱口秀”节目展示，内容从疾病预防到健康管理，融合医学知识、健康要点、生活案例，在近一个小时的妙语连珠中，给大家呈现了一场全新的健康科普视觉盛宴。\n6月14日下午，大会围绕提升全民健康素养主题，安排了10个主题报告。\n6月15日上午，大会举办10个分论坛，分别是：重视健康素养，促进疾病精准防控；数字赋能•健康科普新未来；健康产业创新发展；主动健康•健康一生；提素养•见行动；数字健康：创享新质服务力；职业健康素养研究与实践；营养赋能健康：从认知到行动；AI在心理健康教育中的运用；中医药健康促进。各具特色，场场精彩，颇受好评。\n本次大会由中国健康促进与教育协会主办，北京大学公众健康与重大疫情防控战略研究中心、上海市疾病预防控制中心、上海市健康促进中心协办，复旦大学公共卫生学院、复旦大学附属眼耳鼻喉科医院承办。会议得到了国家卫生健康委、国家疾控局、上海市政府，北大、复旦等高校和各地疾控、卫健部门的重视与支持，以及全国各行各业专家学者的关注与参与。'),(643,'来源：新华网','2025-06-10 16:41:00','盛大天地深耕张江  做科创共生共荣体系的践行者','复旦大学120周年校庆之际，盛大集团创始人陈天桥及其夫人雒芊芊捐赠5000万元助力复旦新工科发展。此次捐赠聚焦人工智能与人类智能结合的前沿研究，将与复旦计算与智能创新学院合作组建天桥研究院，推动长期记忆等领域的创新突破。这也是陈天桥先生多年来对母校持续无私捐助支持的又一续笔。\n陈天桥于1999年创办盛大网络，开创了中国网络游戏与网络文学的先河。2016年，他创办全球最大私人脑科学研究机构——天桥脑科学研究院。从互联网到脑科学，再到如今的人工智能让盛大集团的科创基因深深扎根于前沿领域。\n其全资子公司盛大天地，自2006年业务启动以来，作为扎根张江科学城核心区的科创园区运营平台，历经18年发展，其空间载体从最初的两万平米起步，发展为总体量近百万平方米的创新创业生态系统。\n在盛大天地的科创园区，既有从几人初创团队成长为科技小巨人的汉图科技，也有成功构建一站式娱乐内容生态的锋趣网络，更有枚不胜数的初创团队逐梦未来。盛大天地通过构建“星享汇”科创企业服务联盟与“青云社”青年乐活平台，形成了“产业集聚-创新孵化-人才服务-生活配套”的全链条生态体系，先后孵化和支持了行业领军企业百余家，产值超百亿元，作为国家文化产业示范基地，是张江科学城独树一帜的标杆民营科创园区平台。\n从 1.0 版的 “科创热土”园区，到 2.0版 的 “生态滋养”系统，再到盛大天地近年来独创的 3.0版 “共生共荣”体系，盛大天地始终以全生命周期的全维度企业发展服务助力企业成长。作为张江科学城的深度共建者，盛大天地将 “与企业价值共创”“全力以赴赋能企业发展” 的理念，深植于园区运营和企业服务的每一个环节。多年来，盛大天地携手政府，高校科研机构，投资和金融机构，专业服务商等多元生态伙伴，联动TCCI、盛大资本、复旦大学管理学院等优质战略资源，汇聚行业专家与顾问力量，为初创和发展中的企业精准规划成长路径。\n张江是中国创新科研的“主战场”、改革发展的主引擎，在这片创新创业的热土，政府与平台的“同频共振”，是构建具备协同性、共生性、吸附性的共荣生态的成功关键。盛大天地在各级政府的长期支持和助力下，通过打造独具特色的产业集聚平台、完善优质商务配套、持续升级空间载体，并全方面整合资源赋能企业，个性化支撑和满足企业诉求，旗下四大科创园区正在实现从“2.0生态系统到“3.0共生体系”里程碑式的跨越。\n从盛大集团自身的科创产业和投资布局，到盛大天地的平台化生态体系赋能，盛大天地以“科创”为笔，在“FROM KING TO KINGMAKER”的道路上认真书写着责任与担当。\n正如陈天桥先生在2024年一次发言中指出的，盛大在新一轮AI竞争中具备独特优势，我们拥有过去20多年积累的资金、品牌，没有其他同时代企业可能有的包袱，扎根中国，但具备全球化视野和国际化运营经验；具备创新企业的机制和活力，同时也有非营利机构的耐心和决心。其全资子公司盛大天地，十八载初心如磐，用“与企业同心共生，价值共荣”的理念，向所有科创逐梦人发出邀请：来张江，共赴这场“从0到1，从1到无穷大”的创新之旅，让每一个创新梦想，都能在盛大天地这片生态沃土上生根发芽，茁壮成长。'),(644,'来源：中国日报网','2025-06-10 16:11:00','禅商对话千年和鸣：新兴禅文化节演绎智慧传承新范式','智惠天下,和合致远。6月,广东省新兴县成功举办首届禅文化节开幕式暨主题交流会,以创新形式搭建传统智慧与现代思维的对话平台,为新时代商业发展注入禅意启迪。\n方寸舞台间,一场跨越千年的禅商对话正徐徐展开——知名学者范明公吟诵启幕词,“郁郁黄花,无非般若”的禅语机锋,引领观众感悟东方智慧。禅茶表演环节,每一道注水的弧线、每一个起落的瞬间,都是禅意的生动外化。歌手尚雯婕以一曲《不鼓自鸣》惊艳亮相,空灵声线中,敦煌壁画中的飞天乐伎仿佛穿越时空,在当代舞台上重现千年妙音。整场活动通过音乐、诵读、茶道等多元艺术形式,构建了一个多维度的禅意体验空间,“明心见性”的禅机与“聚散从容”的商道于此交相辉映,共同演绎出一曲“禅商和鸣”的动人乐章。原文化部副部长、国家文物局原局长励小捷在开幕式致辞中指出,“文化是民族的根与魂,禅文化则是中华文明宝库中的一颗璀璨明珠,其当代转化对构建人类命运共同体具有重要意义。”\n主题交流会环节亮点纷呈。复旦大学历史系教授钱文忠系统梳理了禅商文化的千年脉络,指出以商圣范蠡“三聚三散”为代表的传统商道,体现了“利己即利他”的哲学内核与“复行其德”的禅商境界。“这种将商业实践与道德修养相融合的东方智慧,或将为全球商业文明转型,构建更具人文关怀的商业范式提供重要启示。”经济学家汤敏则从当代经济发展视角,创新性提出“禅商‘和合共生’理念与现代价值投资高度契合,均倡导长期价值创造。”他建议“在粤港澳大湾区建设中,可探索环境、社会和公司治理标准与禅商智慧的融合,构建新型评价体系,培育兼具科技创新与伦理价值的‘新质生产力’,开创经济效益与社会价值统一的可持续发展新路径。”两位学者的思想交锋,为观众带来了一场精彩的知识盛宴。\n此次活动举办地广东新兴,文化底蕴深厚,自然景观优美。作为中国禅文化发源地之一,近年来,当地积极推进“禅文化+”实践,助力产业发展。在圆桌对谈环节,与会嘉宾围绕禅文化赋能产业发展展开深度对话。全国工商联副主席、新兴企业家代表温志芬结合“公司+农户”模式,阐释了禅商文化中“利他”精神的当代价值:“这种与农民共生共荣的发展模式,正是禅商精神在现代农业中的生动体现。”新兴县人民政府副县长黎兰芬介绍了当地通过品牌引领、地标塑造、产业融合三大路径,成功构建起禅茶、禅艺、禅旅协同发展的特色产业链。“商业的本质是价值创造”,知名学者范明公以新兴县融合范蠡商道打造的禅商研学业态为例,强调“真正的商业成功必然以创造社会价值为基石。当企业经营者在追求经济效益的同时,能够自觉承担社会责任、主动关切社会需求,方能‘以其无私成其私’,实现基业长青。”这一观点,为当代企业经营者提供了极具价值的思想启示。\n据悉,6月21日新兴还将上演《文脉传承·戏韵流芳——国风超有戏音乐会》,以年轻化表达展现地方文化特色,持续推动传统文化创新传承。（图片由刘建国授权提供）'),(645,'来源：人民网','2025-06-09 17:27:00','2025国民视觉健康科普行动正式启动','2025年6月5日，人民网、人民在线发起的“2025国民视觉健康科普行动” 在人民网演播厅正式启动。本次科普行动以“科技赋能眼健康 共筑光明新未来”为主题，旨在探究新一代信息技术在眼健康领域的最新实践成果，通过专家科普等形式打破公众对新应用、新设备的认知盲区，借科技创新之力共筑全民眼健康“防护网”。\n教育部体育卫生与艺术教育司卫生健康处处长、一级调研员 樊泽民发言\n今年6月6日，是第三十个全国“爱眼日”。教育部体育卫生与艺术教育司卫生健康处处长、一级调研员樊泽民在主题发言中表示，当前，“政府主导，教育牵头，多部门协同，学校、家长、学生共同落实”的近视防控工作体系已经成型起势，进一步凝聚社会共识，近视防控取得明显成效。下一步，教育部将继续落实党中央、国务院决策部署，会同相关部门，紧紧抓住省级人民政府这一关键主体，聚焦近视预防、发生、发展全过程，持续强化社会认知和日常行为自觉，增强近视防控举措的持续性和韧性，为近视防控工作筑牢坚实保障。\n国家市场监督管理总局计量司产业资源环境处处长、一级调研员 李媛发言\n国家市场监督管理总局计量司产业资源环境处处长、一级调研员李媛在发言中提到，近年来，市场监管总局通过在政策制度层面落实主体责任、监管执法层面坚持严抓严打、技术规范层面完善标准规范及认证制度、社会认知层面加强教育宣贯，扎实推进近视防控相关工作。下一步，市场监管总局将继续坚持问题导向，综合整治市场乱象，为守护青少年眼健康提供有力支撑。\n国家疾控局卫生免疫司环境卫生与学校卫生处（综合处）处长 费佳发言\n国家疾控局卫生免疫司环境卫生与学校卫生处（综合处）处长费佳指出，近年来，国家疾控局按照疾控事业高质量发展要求，建立全面监测网络、完善标准和技术指南体系、强化监督检查及宣传引导、增强服务专业化水平，切实保护儿童青少年视力健康。下一步，国家疾控局将继续发挥专业优势，强化学生常见病同因共管、多病共防，推动健全省、市、县卫生体系和队伍，强化效果评价及科学研究证据积累，推动防控关口前移，不断提升学生健康体质。\n人民网党委副书记 张峰发言\n人民网党委副书记张峰发言表示，人民网始终高度重视健康中国的宣传报道，持续深耕国民视觉健康领域，依托人民网大健康板块资源、舆情大数据研判能力及内容科技技术体系，推动“爱眼护眼”从专业议题走向社会共识。此次科普行动将继续聚焦科技赋能眼健康领域的现实命题，以多元科普形式塑造公众对技术创新的科学认知，助力科技成为推动眼健康事业高质量发展的有力引擎。\n中国工程院院士、上海交通大学副校长、上海交通大学医学院院长 范先群发言\n中国工程院院士、上海交通大学副校长、上海交通大学医学院院长范先群指出，眼健康关乎全民健康，人工智能在眼健康领域的应用前景广阔，主要体现在眼病预防、诊断、治疗及教育等四个方面。范先群表示，人工智能技术可通过多模态数据的整合与分析辅助眼病预防、凭借深度学习能力提升眼病诊断效率及精准度、依托大模型力量提高眼病治疗水平，还可以应用于眼科教育与知识科普等实践之中，充分发挥人工智能技术对医学事业的创新引领作用。\n国家卫健委暨中国医科院近视及相关眼病重点实验室主任 复旦大学附属眼耳鼻喉科医院青光眼学科主任 孙兴怀发言\n国家卫健委暨中国医科院近视及相关眼病重点实验室主任、复旦大学附属眼耳鼻喉科医院青光眼学科主任孙兴怀指出，白内障、青光眼和黄斑变性是致残致盲眼病，老花眼和干眼是功能性眼病，严重影响生活质量和人的精神状态，并梳理了相关眼病的发病表现、诱因及防治方案。孙兴怀表示，希望通过科普力量推动民众形成对致残致盲眼病的科学认知，并坚持“早发现、早干预”的眼病治疗策略，避免造成不可逆的损伤。\n天津医科大学党委书记 天津公共卫生与健康联合研究院院长 颜华发言\n天津医科大学党委书记、天津公共卫生与健康联合研究院院长颜华介绍，天津市已形成包括专家进校园、组织主题活动、发挥学生主体作用、加强教师职业素养、区内外经验交流、家校联动、多方合力广泛宣传等在内的近视防控行动“七部曲”。颜华表示，下一步天津市将聚焦学龄前儿童近视防控及儿童睡眠和电子产品的合理使用等开展工作部署，提升青少年眼健康水平。\n科普对话环节，多位眼健康领域专家围绕“科技如何重塑眼健康未来”以及“多方联动构建眼健康生态圈”话题展开交流。北京大学人民医院眼科中心&北京大学人民医院眼视光中心副主任，主任视光师李岩、中国出版集团·金版电子出版社副社长刘长城主持科普对话。\n科普对话\n解放军总医院眼科医学部主任、主任医师李朝辉指出，现代人工晶体已从单一远视矫正发展为具备非球面、多焦点、景深延长及散光矫正等多种功能和类型的智能化产品，能有效改善患者的视觉功能、满足用眼需求。首都医科大学附属北京同仁医院常务副院长袁进表示，干眼症治疗可通过用眼行为管理、睑板腺功能评估及综合治疗手段改善症状。北京远程视觉视光眼科门诊部总院长谢培英谈到，角膜塑形镜（OK镜）通过“离焦调控”设计更新或联合治疗，可实现50%-80%的眼轴增长抑制率，其优势还体现在日间可获良好裸眼视力、利于学习及文体活动、恢复及提高视觉功能以及对高度近视高度散光的治疗效应等方面。福建省眼表与角膜疾病重点实验室副主任、厦门大学附属厦门眼科中心主任医师林志荣针对角膜盲这一致盲性眼病的发病原因、角膜移植的手术情况及术后护理等知识进行了介绍，包括抗排斥药终身管理、感染防护等。\n科普对话\n中国疾控中心学校卫生筹备办主任郭欣表示，疾控中心的职责主要体现在强化学生健康监测的质量控制，牵头建立基于大数据、多维度、动态化的科学评估体系，以近视率等核心指标为抓手，结合丰富的过程指标，精准评估多方联动成效并为政策优化提供技术支撑。天津市眼科医院视光中心主任李丽华指出，视光中心的主要职责包括屈光矫正、视功能的检查与评估、初级眼保健服务以及和功能相关的视觉功能康复四大部分，构建“视光中心+社区卫生医疗机构+眼科”的三级诊疗体系可助力践行全民眼健康战略。北京大学第三医院眼科主任洪晶认为，通过医联体或远程医疗模式，可以有效提升基层医院诊疗水平，切实做到把小病留在基层，把重病转到大医院诊疗，缓解区域百姓看病难问题。北京协和医院眼科角膜及屈光手术组副组长罗岩表示，屈光手术医生也是构建眼健康生态圈的重要组成部分，根据患者病情及需求提供个性化的诊疗方案，全力守护患者眼健康。\n据悉，“人民健康‘进校园’关爱计划专项行动”也在活动中正式启动，通过整合多方资源，将助力科普教育落地校园，进一步提升青少年健康素养。\n“人民健康‘进校园’关爱计划专项行动”正式启动\n本次科普行动由上海交通大学、复旦大学上海医学院、天津医科大学、中国人民解放军总医院、北京大学人民医院、北京协和医院、首都医科大学附属北京同仁医院、温州医科大学、北京大学第三医院、天津市眼科医院、山东中医药大学附属眼科医院提供专业指导，由兴齐眼药、海信激光电视、华厦眼科、爱眼公益基金会提供公益支持。'),(646,'来源：鲁网','2025-06-09 15:40:00','中国禅都·新兴首届禅文化节开幕仪式暨主题交流会圆满举办：传承千年智慧，开启现代新篇','2025年6月8日，由新兴县文化广电旅游体育局主办、蠡蝉书房支持的中国禅都·新兴首届禅文化节开幕仪式暨主题交流会圆满举办。广东省新兴县是中国禅文化的发源地之一，禅文化深刻影响了中国的文学、艺术、美学和生活方式，早已成为中国传统文化的核心组成部分。近年来，新兴县通过“禅文化+”模式，推动禅旅游、茶文化、艺术设计等产业发展，积极推进传统文化的创造性转化和创新性发展。此次活动以“智惠天下 和合致远”为主题，旨在架设一座连接过去与未来、传统与现代、禅文化与商道的桥梁，以“禅文化+”为引擎，以禅文化赋能产业发展，讲好禅商思想助推新质生产力发展的中国故事。\n禅脉赓续 千年故郡显风华\n新兴是一座具有2000多年历史的岭南古郡，作为中国禅文化发源地之一，文化底蕴深厚，自然景观优美。从禅意美学的融合到千年古刹的传承，禅文化在此扎根，成为了新兴县独特的文化标识。这里的一山一水、一草一木，无不浸润着“明心见性”的智慧基因。原国务院参事、经济学家汤敏，原文化部副部长、国家文物局原局长励小捷，全国工商联副主席、新兴企业家代表温志芬，中共新兴县委常委、县委办公室主任黄志活，新兴县人民政府副县长黎兰芬，知名学者范明公等人受邀参与开幕式。与会嘉宾，原文化部副部长、国家文物局原局长励小捷在致辞中表示：禅文化倡导的“平常心是道”“活在当下”，与现代人追求的心理平衡、精神丰盈不谋而合。他呼吁将禅文化融入教育、产业和日常生活中，并提出“让禅文化不仅是中华文明的一张名片，而且成为连接东西方文明的桥梁”。\n古今碰撞 禅商智慧启新篇\n“禅商”思想是本次禅文化节的核心议题之一，旨在将禅文化的智慧与现代商业实践相结合。禅文化倡导“平常心是道”“活在当下”，强调内在修养和长远价值，而现代商业则追求经济效益和社会责任的平衡。禅商思想不仅继承了传统智慧，还为当代企业提供了伦理和价值观的指引，体现了“利他”“简约极致”“大愿”等理念。在新兴，与会嘉宾共同探寻商圣范蠡“三聚三散”的千古商道，感受禅商结合的历史基因与当代力量。\n在主题演讲中，复旦大学历史系教授钱文忠从历史和哲学角度探讨了禅文化与商业的结合，他引用《金刚经》中的“无所住而生其心”，说明“禅商”的最高境界是不执着于外在事物，而专注于内心的清净。钱文忠呼吁将禅文化的普世价值融入教育和商业领域，为现代社会提供深刻启迪。原国务院参事、经济学家汤敏认为，“禅商”思想与当前全球范围内广受认同的可持续发展理念有着相似之处，两者都注重经济回报与社会效益的平衡，并提出建立具有中国特色的“禅商产融模式”。\n在圆桌对谈中，新兴企业家温志芬表示，“作为商人要走得远的话，一定要利他”。作为农业企业，温志芬身体力行践行禅商精神，他采取公司+农户的模式，在持续做大做强公司的同时，带动千家万户的农户奔康致富；新兴县人民政府副县长黎兰芬表示，新兴县深入挖掘禅文化内涵，为禅文化的传承和发展提供良好的平台和载体，成功打造了旅游度假区、禅域小镇等一批具有广泛影响力的文旅项目，下一步则是以文塑旅，以旅彰文，以文化赋能广东省百县千镇万村高质量发展。禅文化的智慧，正转化为新兴现代化建设的实践力量；作为“商圣”范蠡的后裔、文化学者、蠡蝉书房创始人范明公认为，商道与禅道相通，范蠡的“三聚三散”中，三聚是商的性质，三散则是禅的境界，禅的智慧有益于推动商业向善，以“以其无私,故能成其私”寄语当代企业家群体，鼓励企业家用禅道的智慧推动社会的正向循环，并用“夫唯不争，故天下莫能与之争”来形容商业的最高境界。\n此次开幕式还举行了“智惠天下 和合致远”卷轴点睛仪式，几位与会专家在主题蓝图上共同完成点睛。中央广播电视总台原创国风音乐唱演节目《文脉传承·戏韵流芳——国风超有戏音乐会》将走进广东新兴进行录制。相信以此次活动为契机，新兴县将进一步促进“禅商”思想的研究与弘扬，实现禅文化与现代生活的深度融合，禅商合一的理念也将为构建一个“美美与共”“和合共生”的人类命运共同体贡献独特的智慧和力量。\n免责声明：该文章系我网转载，旨在为读者提供更多新闻资讯。所涉内容不构成投资、消费建议，仅供读者参考。'),(647,'来源：上观新闻','2025-06-07 19:18:00','一起来听“博物馆里的思政课”，沪上高校—红色场馆团建联盟成立','昨天，沪上高校—红色场馆团建联盟成立仪式暨“博物馆里的思政课”启动仪式在复旦大学博物馆举行。会上，正式成立沪上高校—红色场馆团建联盟，同步启动“博物馆里的思政课”。5位“博物馆之家”讲解队指导老师受聘，11位“博物馆之家”讲解员获颁聘书。\n沪上高校红色场馆联盟成立现场\n沪上高校—红色场馆团建联盟由复旦大学联合中共一大纪念馆、中共二大会址纪念馆、中共四大纪念馆、中国社会主义青年团中央机关旧址纪念馆、国歌展示馆、上海市历史博物馆等红色场馆，携手上海交通大学、同济大学、华东师范大学、华东理工大学、上海大学等沪上高校共同成立。\n联盟的成立是学习宣传贯彻习近平总书记致复旦大学建校120周年重要贺信精神的生动实践。通过深化馆校合作，构建红色矩阵，实现各高校与红场馆之间资源共享，优势互补，共同打造具有上海特色的大思政课品牌，发挥红色育人功能，合力构建大思政课育人格局。\n作为“复旦源”“一源六馆”的重要组成部分，复旦博物馆200号是打造复旦育人新场域、文化新地标和中国教育现代化历史展示中心与精神传承枢纽的重要平台。复旦大学“博物馆之家”讲解队将为复旦大学博物馆提供讲解服务。\n复旦大学文博系主任、博物馆馆长郑奕，复旦大学团委书记潘孝楠，复旦大学马克思主义学院教授朱鸿召，中共一大纪念馆团总支书记孙宗珊，复旦大学望道研究院助理研究员谈思嘉受聘为“博物馆之家”讲解队指导老师。首批11名讲解员获颁聘书、被授旗，他们将承担复旦大学红色文化传播重任。\n作为联盟成立后的首场实践，“博物馆里的思政课”在复旦大学200号《为了民族的解放与进步——革命文物中的复旦和复旦人》主题展厅开讲。主讲人谈思嘉为复旦2025届即将奔赴西部、基层、国家重点单位就业的毕业生代表授课。同学们在革命文物见证下感悟“团结、服务、牺牲”的复旦精神，播下信仰的种子。\n2025届毕业生代表、复旦马克思主义学院硕士生胡鹏钰表示，这堂“行走的思政课”生动重现复旦和复旦人在民族解放事业中的奋斗足迹，更深刻展现学校在国家建设和民族进步中发挥的积极作用，激励新时代的复旦人传承红色基因、胸怀“国之大者”，把家国情怀融入服务基层、服务人民的生动实践中。\n（新民晚报 张炯强）'),(648,'来源：中国日报网','2025-06-07 16:11:00','姚克主刀全国首例预装式焦深延长散光矫正型人工晶状体植入手术——爱眼日前夕，她实现了视觉自由','每个年龄段，都有属于自己的“诗和远方”。\n如何更好地去追逐？有人因此用上了高科技。\n“看得清真好啊，马上就能把新疆之旅提上议程了！”6月4日上午，浙江大学眼科医院、浙大二院眼科中心病房内，55岁的徐女士如此感叹，仅仅一天时间，她就告别了眼前时不时出现的“迷雾”和重影，不论看远、看中、看近，都感到舒适自然。\n视觉质量能够突飞猛进，要归功于她接受的一台全球先进的眼科手术：6月3日，国际眼科科学院院士、中华医学会眼科学分会主任委员、浙江大学眼科医院院长、浙大二院眼科中心主任姚克教授主刀了国内首例预装式焦深延长散光矫正型人工晶状体植入手术。\n值得一提的是，手术用上了新一代飞秒激光辅助白内障手术技术和超乳技术，科技值拉满，备受眼科界关注。\n眼镜怎么也配不准\n背后是白内障作祟\n徐女士是宁波人，今年三月刚退休。一场计划已久的新疆闺蜜行，却因为视力问题不得不按下“暂停键”。\n“视野好像蒙上了好几层纱，近视眼镜越配越厚，视力却怎么也矫不上去。”两年来，徐女士看东西愈发吃力——新配的眼镜刚戴上时还算清晰，不出几个月又变得模糊不堪。\n徐女士是位工笔画爱好者，曾师从名家研习绘画技法。从灵动的花鸟到精致的人物，她用细腻的笔触勾勒细密线条，这是她最为惬意的时光。而每周两次、每次三小时的专注时间里，她总要摘下日常佩戴的近视眼镜，换上一副300多度的备用眼镜，方能抵消老花眼带来的不适感。\n此外，夜间开车也成了她经常经历的惊心时刻，在她眼里：红绿灯叠成双影，路灯车灯在光晕里糊成一片。后来，她彻底放弃了夜间驾驶。\n今年初的一次检查，她的近视度数涨到近900度，经过系列眼科检查，她被确诊为轻度白内障引起的高度近视。\n“在我的认知里，白内障就是眼睛发白，七老八十才会得的。”面对眼睛的提前衰老，徐女士惊讶之余也打定主意，要通过手术解决这些视觉困扰。\n在家人陪同下，徐女士慕名前往浙江大学眼科医院、浙大二院眼科中心找到姚克。详细检查结果显示，除了高度近视、老年性白内障、老花眼外，她左眼还有130度的角膜散光，当前是一个手术的好时机。\n认定主刀团队\n她为自己圆一个清晰梦\n60岁还要开车、看电脑、摄影、画画……中老年患者生活方式与日常用眼场景日趋多元，对全程视力的需求日益上升。随着中国经济的发展，医疗与科学技术围绕着这些变化也在不断进步。“像徐女士这样的患者，同时得了白内障和老花，通过更换‘相机镜头’，即做一台屈光白内障手术，既能看得见还能看得清、看得好。”姚克介绍。\n据流行病学调查，白内障患者中有44%的患者有大于100度的角膜散光，此前这类人群想要得到全程视力，相当困难。\n相关专家共识指出“植入功能性人工晶状体时，散光大于1.00D的患者需要同时矫正散光，而白内障术后散光残留问题，也是当前影响患者视觉质量的主要因素之一。”姚克解释，尤其伴有中高度角膜散光的患者，相比在角膜上“做功夫”的方式矫正散光，使用散光晶状体矫正带来的稳定性和可预测性会更高。\n经过全面的眼科检查，徐女士的眼底条件良好，符合置换功能性人工晶状体手术的条件。姚克建议她接受新一代预装式焦深延长散光矫正型人工晶状体置换手术，这在国内是第一例。\n“这类人工晶状体融合了焦深延长和多焦技术，能够扩大物像的清晰范围，可让患者从33cm 近距离到远距离都能看清物体，同时又增加了散光矫正功能，也很贴合国人的用眼需求。”姚克进一步介绍，“这款人工晶状体已经被纳入国家集中带量采购。”\n“浙二眼科中心连续三年稳居复旦排行榜专科第四，到这里手术，我没有犹豫，希望能早点裸眼看清这个世界。”把自己的光明愿望交给信任的姚克团队去实现，徐女士感到很安心。\n集齐三大“黑科技”\n这场手术阵容豪华\n6月3日上午，浙江大学眼科医院4楼手术室内，姚克为徐女士做了手术。与以往不同的是，这台手术不但要置换新型的人工晶状体，同时汇聚了新一代的飞秒激光辅助白内障手术技术和超乳技术，更是姚克当选第40届世界眼科大会（WOC2026）学术委员会主席后，主刀的国内首台新型功能性人工晶状体手术，因而备受眼科界关注。\n“传统的白内障手术非常考验医生的手术技巧，医生要手工制作角膜切口，撕开包裹在晶状体外的囊膜，形成一个近乎正圆的前囊口，用超声乳化吸头从囊口进入吸除混浊的晶状体，最后植入全新的人工晶状体。”姚克说，飞秒激光的出现，缩小医生间经验差距造成的手术安全性差距。它以脉冲宽度为飞秒量级的近红外激光作用于眼球，只需数秒时间，就能代替医生手工操作，轻松完成角膜切口、角膜松解切口、前囊膜撕开、预劈核等核心步骤。\n现场，随着姚克设置好相关参数，飞秒激光操作正式开启：这台“新武器”的电子屏显示，1秒钟，一个正圆形囊口形成，晶状体在激光作用下清晰地碎成六瓣，预劈核操作在数秒间完成。与此同时，术前散光轴位信息也被精准标记，手术顺利过渡到超声乳化步骤。\n手术全程十多分钟就完成，系列操作行云流水，手术切口只有2.2毫米，徐女士的眼中几乎没有出血。\n“有疼痛感吗？”姚克低头轻声问徐女士。\n“没有。”徐女士回答干脆。\n“飞秒激光的质速整体提升，在吸除白内障步骤时减少了能量使用，眼内扰动少了，眼睛损伤也会降低；虹膜定位与激光标记技术减少了医生手动操作的误差，能让植入的人工晶状体维持居中、稳定，进而发挥它该有的作用，这对散光患者更有意义。这台超声乳化系统经过技术改良，能根据白内障核的程度个性化匹配能量输出，更进一步降低手术带来的损伤。”姚克用后如此评价。\n“中国经验”护航\n让她看见并看得更好\n中国在白内障精准诊疗领域已经走在世界前列，浙大眼科医院凭借其卓越的临床技术与科研成果，成为全球标杆。\n去年，姚克团队完成了29000例白内障手术，其中，飞秒激光辅助白内障手术7600例，手术量全球居首。十年来，姚克团队在国际上发表了20多篇关于“飞秒激光白内障手术”高质量的科研论文，主导制定了《我国飞秒激光辅助白内障摘除手术规范专家共识》，这也是全球在该领域的首个共识，不仅让飞秒激光变得更适合国人的需要，还填补了国际空白。\n徐女士的这台手术，可谓是最懂飞秒激光的眼科大咖团队运用先进技术完成的。\n6月4日，医生为徐女士做了术后第一次检查：人工晶状体位置居中，角膜透明，几乎没有任何损伤造成的炎症反应。更为惊喜的是，远视力达到1.0，中视力1.0，近视力1.2，白内障解决的同时，近视和散光也完全得以矫正。爱眼日前，她恢复了美好视觉。\n“我已经把好消息带给闺蜜了！”徐女士笑言，等另一个眼睛做完手术，新疆行便可以欢乐启航了。\n（中国日报浙江记者站 陈烨）'),(649,'来源：东方网','2025-06-06 10:40:00','国美毕业季：校企共育培养创新人才，东方美学焕发时代生机','今年4月底，教育部将游戏艺术设计专业纳入《普通高等学校本科专业目录》。此次专业增设回应了数字文化产业对复合型人才的迫切需求，也推动了高校人才培养机制向更具创造性与产业联动性的方向迈进。\n近日，正值中国美术学院“七十二变|2025毕业季”，“悠游之夏——腾讯游戏艺术长廊”也在象山校区同期开展。展览集中展示了86件富有东方美学意蕴的游戏美术作品，涵盖《王者荣耀》《和平精英》《天涯明月刀》等多款游戏在世界观建构、叙事表达和视觉设计方面的探索与创新，展览将持续至6月10号。传统文化元素与数字艺术的交融，生动呈现了数字时代的东方美学新面貌。\n（“悠游之夏——腾讯游戏艺术长廊”展览现场）\n从课程共建到创作实践，校企共育培养专业美术人才\n作为数字文化产业的重要人才培养高地，中国美术学院动画与游戏学院互动媒体与游戏系自成立以来，始终致力于将艺术教育与行业前沿相结合，探索新时代艺术教育与产业发展的深度融合。腾讯游戏与国美的多层次、常态化合作，正是这一理念的生动实践。\n自2019年起，中国美术学院和腾讯游戏学堂围绕高校课程共建、交互叙事工作坊、角色设计创意工作坊等多项目展开合作，推动数字创意人才培养向多元化、国际化拓展。其中，交互叙事工作坊自2020年以来到今年已有六载，来自腾讯游戏的一线导师带领学生深入探讨交互叙事在游戏领域中的表现与创新，已成为学院校企联合课程建设的典型双师课程。\n（2023年交互叙事工作坊结营仪式）\n不少国美学生在毕业后投身游戏行业，将在校期间积累的艺术修养与叙事能力转化为数字内容创作成果。本次腾讯游戏携手动画与游戏学院共同策划，举办“悠游之夏·——腾讯游戏艺术长廊”艺术展览，也是校企共育反哺教育实践的一次集中体现。\n国美毕业季首设腾讯展区，第九艺术走进美术殿堂\n近年来，游戏与传统文化的深度结合，已经成为玩家乃至更广泛的大众喜闻乐见的趋势。前不久举办的「黑神铸炼——黑神话：悟空」艺术展就凭借深厚的中华文化底蕴与精湛美术表现力刷屏各大社交平台。\n此次腾讯游戏走进国美校园独立办展，不仅是“趁热打铁”向大众展示游戏与传统文化创新融合的更多可能性，也是这所顶尖美术学府对游戏艺术价值与文化表达潜能的高度认同，是中国高校积极拥抱数字时代、推动艺术教育向产业延展的重要实践。\n展览分为“风自东起—传统文化的汲养”“星河邂逅—中西艺术的碰撞”“知行如歌—创作过程的解析”三大板块，全面呈现腾讯游戏在中华文化传承与视觉表达方面的探索。例如，《王者荣耀》携手敦煌研究院以敦煌壁画为蓝本打造的系列皮肤、《天涯明月刀》的数字水墨CG“浮生六唱”系列长卷、《世界启元》的世界观及场景设计作品等，均以高度的美术品质和文化表达，为传统文化注入现代传播力。\n知行如歌板块还特别加入创作过程解析内容，以过程稿和创作思维拆解等形式，向观众普及游戏美术的创作技法。例如，《暗区突围》的“风雪玉门”，展示了将传统甲胄美学与现代战术实用主义结合的创作过程；《和平精英》的“墨龙九天”过程稿，拆解了游戏皮肤制作的思维方法与文化意涵。这些作品也为学生带来了丰富的学习参照与创作启发。\n展览不仅是内容展示的舞台，也为有志于投身数字文化产业的青年学子提供了实习就业、职业探索的新通道。现场还设置了“王者简历直投通道“，面向准毕业生以及新生代美术大牛开放。同时，“2025腾讯游戏创作大赛”也在展览现场开设报名通道，吸引了不少学生和游戏爱好者关注。\n据悉，该赛事自2015年设立以来，已累计吸引来自全球70多个国家和地区的3万余名游戏创作者参与，逐步成长为全球具有广泛影响力的游戏创作平台。除了奖金之外，大赛还通过提供实习就业岗位、专业培训等形式，持续挖掘并扶持具有创新能力与文化素养的数字创意人才。\n游戏人才培养提速，校企共育回应时代需求\n高等教育是培养高素质、创新型人才的重要阵地。随着数字文化产业的快速发展，游戏行业对具备艺术素养、技术能力与市场意识的复合型人才提出了更高要求。\n《2024年中国游戏产业报告》显示，我国游戏产业已发展成为年产值达3257.83亿元的战略性新兴产业，同比增长7.53%，其在内容创意、技术研发、视觉设计等多个环节上的人才需求正持续扩大。\n作为游戏行业头部厂商，腾讯自2016起便自发在相关领域探索，包括在2016年成立腾讯游戏学堂，培养游戏行业专业人才、推动产学研合作，至今已经和国内三十余所顶尖高校通过校企达成合作，共同打造具有中国特色的游戏设计专业体系；2019年，腾讯与清华大学深圳国际研究生院合作共建互动媒体设计与技术培养项目（IMDT），探索“企业-高校-政府”合作的新模式与专业学位教育的新范式。\n腾讯游戏学堂还通过腾讯游戏高校公开课将教育资源开放给更多高校学子。截至2024年，已覆盖北京大学、清华大学、复旦大学、南加州大学、剑桥大学等几十所国内外高校，参与学生超四千人。\n在校企深度协同之下，游戏人才培养正逐步迈向专业化、多元化、国际化。此次游戏本科专业的设立也再次印证：这不仅是行业发展的内在需求，更是国家推动新质生产力、数字经济与国际传播力建设的战略方向。\n国务院2024年8月印发的《关于促进服务消费高质量发展的意见》明确提及“提升网络游戏质量”。2025年4月，国务院新闻发布会上再次提到发展游戏出海业务，布局从IP打造到游戏制作发行的整个产业链。这些政策为游戏产业发展提供了有力支持，也为人才培养指明了方向。\n在游戏专业正式“入列”本科教育目录的当下，中国高校与产业的携手已成为共育数字时代文化创作者的关键力量。正如“悠游之夏”艺术展览所展现的，游戏不再只是娱乐产品，更成为了链接艺术、技术与文化的现代媒介，照见未来育人之道。\n免责声明：该文章系我网转载，旨在为读者提供更多新闻资讯。所涉内容不构成投资、消费建议，仅供读者参考。'),(650,'来源：央视网','2025-06-05 16:18:00','天天学习丨中南海月刊（2025.05）','时维五月，春夏交替。\n应邀对俄罗斯进行国事访问并出席纪念苏联伟大卫国战争胜利80周年庆典，用行动展现百年变局下的大国担当；出席中拉论坛第四届部长级会议开幕式，与多国领导人会晤、通话，凝聚团结合作之力应对单边主义逆流；赴河南考察，以一域谋全局，引领擘画下一个五年发展蓝图；纸短情长、殷殷嘱托，汇聚“全面推进强国建设、民族复兴伟业”的伟力……\n世界百年变局加速演进之际，习近平主席以大国大党领袖的历史视野和时代担当，展现世界领导力，为全球战略稳定注入更多确定性。\n2025年具有特殊历史意义——中国人民抗日战争暨世界反法西斯战争胜利80周年、联合国成立80周年。承前启后的重要年份，叠加风起云涌的国际形势，人类社会又站在新的十字路口。\n变乱交织之际，大国的挺膺担当，攸关人类前途命运。\n面对单边主义逆流，坚定不移推动平等有序的世界多极化。不为一时一事所惑，不为风高浪急所扰，与俄方达成“共同弘扬正确二战史观，维护联合国权威和地位，维护国际公平正义”的共识；与欧盟“深化战略沟通，增进理解互信，巩固伙伴定位”；同拉方携手启动团结、发展等五大工程，推动中国同全球南方国家相互支持、团结合作。\n习近平主席以实际行动告诉世界，无论国际风云如何变化，中国始终是维护多边主义的重要力量。\n面对甚嚣尘上的保护主义，坚定维护并推动普惠包容的经济全球化。习近平主席明确表示，中方愿同世界各国一道“维护经济全球化成果”。本月，《中美日内瓦经贸会谈联合声明》正式发布，更加印证了“关税战、贸易战没有赢家，霸凌霸道只会孤立自身”。历史重要关头，中国一以贯之的开放立场弥足珍贵。\n△当地时间5月9日，俄罗斯举行盛大庆典，纪念苏联伟大卫国战争胜利80周年。习近平主席和来自世界20多个国家及国际组织领导人应邀出席庆典。\n俄罗斯莫斯科红场，纪念苏联伟大卫国战争胜利80周年盛大庆典中，这样一个瞬间格外让人动容。伴随着《保卫和平进行曲》的激昂旋律，中国人民解放军三军仪仗队方队走过观礼台。他们刚毅的面庞、坚定的眼神、昂扬的姿态，向世界展示出新时代中国军人的精神风采，也让世界看到一个负责任大国维护世界和平的决心与能力。习主席起身伫立，向战士们致意。坐在习主席身旁的俄罗斯老战士叶夫根尼·兹纳缅斯基也满怀敬意向习主席竖起大拇指点赞。\n二战的沉痛教训殷鉴不远，带给人类的启迪却永远映照现实、昭示未来。习主席表示，“践行真正的多边主义”，“我们坚信，世界各国人民都会选择站在历史正确一边、站在公平正义一边”。\n乱云飞渡，不辍和平之志；惊涛拍岸，高扬合作之帆。央视网“I学习”数据库梳理分析习主席2025年5月重要讲话，“发展”“合作”“团结”等词高频出现，这就是“时代之问”的中国答案。\n老朋友，新合作。今年习主席首次与普京总统面对面会晤。四天三晚的访问行程，习主席为中俄风雨同渡、关山共越夯实厚实合作基础。他指出，中俄双方要坚持合作大方向，排除外部干扰，让合作“稳”的基础更坚实、“进”的动能更充足。访问期间，两国元首共同见证交换20多份双边合作文本，涵盖生物安全、投资保护、数字经济、检疫、电影合作等多领域。\n△5月13日，习近平主席在北京国家会议中心出席中国－拉美和加勒比国家共同体论坛第四届部长级会议开幕式并发表主旨讲话。这是习主席同与会嘉宾出席开幕式。\n中拉合作，面向未来。一份长长的合作清单蕴藏于中拉五大工程之中——从深化基础设施、农业粮食等传统领域合作，到拓展清洁能源、5G通信、数字经济等新兴领域合作，再到加强灾害治理、网络安全、反恐等合作，一系列务实举措充分彰显中拉合作成色，也印证着中拉论坛已经从“稚嫩幼苗”长成挺拔的“南南合作”大树。\n本月，习主席与多国领导人的双边会晤中，不少外国政要谈起新质生产力、高质量共建“一带一路”等议题，新兴领域合作成为各方关注焦点。与巴西“拓展能源转型、航空航天、数字经济、人工智能等合作新疆域”，同德国“培育人工智能、量子技术等前沿领域合作增量”……如习主席所说，变乱交织的国际形势下，“团结就是力量”。\n复信中国丹麦商会负责人，提振欧洲企业家“相信中国就是相信明天，投资中国就是投资未来”的信心；向2025年上海合作组织减贫和可持续发展论坛致贺信，表达愿与各方“分享减贫经验”；向第二十届中国西部国际博览会致贺信，向与会各国来宾传递中方“团结才能共赢，携手方可共进”的时代强音。\n合作、共赢。我们真切感受到，在某些国家用贸易壁垒筑孤岛、技术霸权砌高墙的当下，中国机遇、中国担当正在奋力推动世界经济走出逆风逆水。\n外变纷纭，守其本务。站在“十四五”规划收官之年、“十五五”规划谋篇布局的当下，习近平总书记审时度势，带领全党全国各族人民“坚定不移办好自己的事”，锻造东方大国“越压越强”的韧性。\n△5月19日，习近平总书记在河南洛阳轴承集团股份有限公司智能工厂考察时，同企业职工亲切交流。\n制造业是经济发展的“硬实力”。5月19日，总书记来到河南洛阳轴承集团股份有限公司（以下简称洛轴）考察，其前身正是我国“一五”时期重点建设项目之一。洛轴智能工厂里，大小各异的轴承产品正是新中国制造业70多年发展不断创新突破的缩影。抚今追昔，总书记感慨“过去的洋火、洋皂、洋铁等靠买进来”，“靠自己的力量发展工业、制造业，这条路是走对了”。他同时为如何继续走好制造强国之路把舵领航：“保持制造业合理比重”“大力加强技术攻关”。\n文化是发展“软实力”。中原大地，穿越千年风霜的白马寺，矗立着最早的译经道场。总书记慢步细看、思虑深远，“坚持我国宗教中国化方向是完全正确的”。伊水之畔，巧夺天工的石刻艺术，穿越千百年时光。总书记凝望历史、感慨万千，“要把这些中华文化瑰宝保护好、传承好、传播好”。关切“保下来”，也关心“活起来”，总书记提出要将文旅产业“真正打造成为支柱产业、民生产业、幸福产业”。\n打铁必须自身硬。本月中旬，《求是》杂志发表总书记重要文章《锲而不舍落实中央八项规定精神，以优良党风引领社风民风》。今年全国两会一结束，党中央便在全党部署开展深入贯彻中央八项规定精神学习教育。在河南听取工作汇报时，总书记进一步要求“切实把作风硬要求变成硬措施、让铁规矩长出铁牙齿”，紧思想之弦、砺初心之刃。\n“十五五”是全面建成社会主义现代化强国“两步走”战略中，“第一个15年”承上启下的关键节点。5月19日，总书记在河南考察时对“十五五”规划编制工作作出重要指示，要求“把顶层设计和问计于民统一起来，加强调研论证，广泛凝聚共识”。在次日听取河南省委和省政府工作汇报会上，总书记进一步明确规划编制方法论：“在党中央统领的大局下，各区域不要跟着别人走、简单模仿，要看自己的优势在哪里，怎么取长补短、怎么扬长避短。”\n立足一域谋全局。一个又一个五年接续，前瞻性的顶层设计，持续性的务实行动，我们一定能将蓝图变为现实。\n分析观察央视网“I学习”数据库生成的5月关联图谱，那些温暖的信笺、真诚的对话、平易近人的身影，都生动彰显着人民领袖内心对人民的深厚情怀——全面建成社会主义现代化强国，人民是决定性力量。\n青年是强国建设的先锋队、突击队。给谢依特小学戍边支教西部计划志愿者服务队队员回信，总书记为他们点赞，并鼓励广大青年“厚植家国情怀，练就过硬本领”，“为中国式现代化建设贡献青春力量”；致信祝贺复旦大学建校120周年，总书记希望复旦大学“深化教育科研改革，推动科技自主创新和人才自主培养良性互动”，不断提升服务国家重大战略和区域经济社会发展能力。\n产业工人是支撑中国制造的主体力量。在河南洛轴同职工们交流时，总书记细细询问：“到厂里多久了？”“上岗培训是怎么做的？”“收入怎么样？”听说当地“一厂一所一校一院”模式有力促进了轴承行业的发展，总书记肯定表示：“人才是希望。推进产学研一体化，培养大批高素质人才，中国式现代化才能够真正实现。”\n残疾人是推进中国式现代化的重要力量，总书记格外关心、格外关注。他殷殷嘱托“切实保障残疾人平等权益”，鼓励他们“从自强模范身上汲取精神力量，勇敢克服困难挑战，积极追求人生梦想”。\n△5月19日，习近平总书记在河南洛阳龙门石窟考察时，同游客亲切交流。\n少年儿童是推进强国建设、民族复兴伟业的未来生力军。在河南考察时，总书记殷殷叮咛到洛阳寻溯“课本里古迹”的孩子们“从小树立文化自信”。致信表达祝福，总书记嘱托中国少年先锋队要“教育引领广大少先队员争当爱党爱国、勤奋好学、全面发展的新时代好少年”。\n从“一五”到“十四五”再到“十五五”，这是国家发展蓝图的延续，更是党带领人民为强国建设、民族复兴伟业奋斗的赓续。\n“走自己的路”，我们在新征程上的步伐更加坚定。\n总监制丨骆红秉 魏驱虎\n监 制丨王敬东\n主 编丨李璇\n责 编丨李丹\n编 辑丨李珊珊 刘禛\n视 觉丨张紫曦\n校 对丨刘禛 蔡纯琳 梁雅琴 闫田田\n出 品丨中央广播电视总台央视网'),(651,'来源：鲁网','2025-06-05 16:01:00','以中国洞察，参全球视野：APMMS 2025首届亚太近视管理论坛中国研讨峰会成功举办','中国,上海,2025年6月3日 —由温州医科大学附属眼视光医院、复旦大学附属眼耳鼻喉科医院、世界视光学会(WCO)、世界小儿眼科学会与斜视学会(WSPOS)、亚洲眼视光执业管理协会(AOMA)以及库博光学共同举办的首届亚太近视管理论坛中国研讨峰会(APMMS China 2025, Asia-Pacific Myopia Management Symposium China Connect)成功召开。本次论坛专注近视管理临床研究和治疗领域的最新动态,探讨近视管理临床体系的未来发展,以及创新技术在临床的应用,持续推动亚太地区近视管理学术交流和临床实践技术提升。\nAPMMS2025首届亚太近视管理论坛中国研讨峰会现场\n5位国际学者与19位中国专家就《各国近视管理医疗体系的发展与优化》、《近视管理个体化诊疗策略》、《人工智能辅助诊疗》、《近视管理中国临床探索及分享》四大主题,同步了最新发现,展开了深度讨论,通过国内外理念的碰撞,临床端个性化诊疗经验的分享,唤起与会专业人士梳理、焕新近视管理理念思路,更新临床实操知识和技能。\n温州医科大学附属眼视光医院 吕帆教授\n温州医科大学附属眼视光医院吕帆教授在开幕致辞表示:“借助本次大会,各路近视研究学术团队齐聚一堂,围绕近视防控主题进行全方位商讨,能够进一步拓展视野,共同促进近视临床管理水平的提升,为全球近视者带来更好的诊疗服务。“\n复旦大学附属眼耳鼻喉科医院 周行涛教授\n复旦大学附属眼耳鼻喉科医院的周行涛教授特别指出:“APMMS2025不仅是国际间学术交流合作的一次盛会,更是中国近视管理领域与世界接轨、共同进步的重要契机。我们得以在这个平台上,向全球展示中国的经验与成果,同时汲取国际先进理念,实现互利共赢。”\n中国是青少年近视率最高的国家之一,正面临着近视高发、低龄化、重度化等多重挑战,病理性近视相关眼底病变也成为我国不可逆性致盲眼病的主要原因之一。面对这一健康难题,我国持续加大近视防控科研投入,依托庞大的病例数据库和国家级科研平台,不断产出高质量、循证性的研究成果,逐步成长为全球近视管理临床研究的“资源富矿”。本次论坛在展现中国在近视防控领域的专业积累的同时,也将为亚太乃至全球贡献了基于循证实践的“中国范式”。\n全球视野·医疗协同\n立足中国,放眼全球。国际、国内讲者分享全球、中国近视管理趋势与差异,经验交流,观点碰撞,以期共同完善近视管理体系,共建全球近视管理崭新未来。\n昆士兰科技大学访问研究员 Prof. Kate Gifford\n昆士兰科技大学访问研究员 Prof. Kate Gifford 带来《亚太地区眼视光联合声明:规范使用接触镜控制近视》的精彩分享。在当前亚太地区近视防控型软性接触镜(MCSCL)和角膜塑形镜(Ortho-K)等尚未得到充分利用的背景下,该声明由亚太地区眼科与视光行业联合发布,内容涵盖患者选择、验配流程、视力矫正效果、检测与随访等方面,旨在规范接触镜在近视管理中的临床应用,提升专业服务水平,确保患者获得最佳治疗效果。\n世界视光学会(WCO)主席 Prof. Sandra Block\n世界视光学会(WCO)主席Prof. Sandra Block《全球近视管理趋势》专题中分享了即将发布的IMI白皮书IV(2025)相关内容:\n全球近视管理实践呈现显著增长,亚洲参与度持续领先(2024年占全球样本量的24.9%)。有效性认知存在地域差异(亚洲更认可光疗);设备可及性(如眼轴测量)仍是发展瓶颈;处方标准逐步放宽(北美/南美最低年龄及度数标准显著降低),可能与防控意识提升相关;治疗选择受患者年龄、屈光进展、眼轴长度等因素影响。\n创新驱动·案例谈真\n顶尖视光中心讲者深度分享中国真实世界近视管理临床新发现,并结合复杂病例展开讨论,理论实践相结合,驱动近视管理体系、技术创新。\n温州医科大学附属眼视光医院 毛欣杰教授\n温州医科大学附属眼视光医院毛欣杰教授在《中国近视管理研究新发现》中提出:\n2020-2024年全球近视研究呈现中国主导趋势(贡献42%文献),聚焦近视管理和发病机制领域,推动角膜塑形镜设计优化及低浓度阿托品应用,创新点扩散镜片和正负微透镜理论,揭示巩膜缺氧、基因(FGF10/ExGRS)及ipRGCs双通路等发病机制,未来将向基因导向的精准医疗和多模态联合疗法(AI验配+远程监测)转型,构建全链条防控体系。\n温州医科大学附属眼视光医院 姜珺教授\n温州医科大学附属眼视光医院姜珺教授在《脉络膜血流——角膜塑形镜近视防控的预测指标》中分享最新研究成果:\n角膜塑形镜配戴1个月可使脉络膜血流和厚度增加,而这种早期变化可以作为长期近视控制效果的预测性生物标志物,这些生物标志物的使用可能有助于临床医生识别可以从Ortho-K配戴中受益的儿童,对近视控制的管理策略具有重要意义。\n博采众长·个体化治疗\n中国积累了全球最众多、最丰富的近视管理临床病例,且投入大量高级别学术研究,以持续探索、完善近视管理进阶策略与医疗路径。复旦大学附属眼耳鼻喉科医院陈志教授与加州大学伯克利视光学院刘悦教授共同主持《个性化近视管理临床策略》专题讨论。现场听众就信息采集、方案制定、优化调整、决策助手等维度参与投票,即时反馈成为鲜活的研讨素材。\n复旦大学附属眼耳鼻喉科医院 陈志教授\n加州大学伯克利视光学院 刘悦教授\n讨论嘉宾结合国内外临床经验,对投票结果进行解读,并以真实诊疗案例为载体,共同探寻国内近视管理的进阶路径:\n1.儿童屈光档案应在3岁左右儿童能配合眼轴检查的时候开始建立。\n2.在近视管理个性化临床实践中,需要关注的指标不仅是屈光度、眼轴、以及眼轴变化,远视储备、视功能,以及患者用眼习惯、近视家族史,费用,方案安全性等也是需要关注的重要信息。近视管理创新性研究中,基因检测被尝试用于分析近视发病机制,评估干预方式有效性。\n3.个性化近视管理中的“好”疗效,是指同一个患儿,干预后的结果对比不干预的近视结局时,达成了个体化的防控目标、降低了近视相关并发症的风险、提高了生活质量。 制定临床方案时,近视发展阶段、遗传易感性以及患者依从性等主观因素,都会影响到医生的决策因素。\n4.在临床实践中,近视进展速度变化、效果未达预期、患者情况变化、不良反应以及目标调整等因素会促使医生进行防控方案调整,而调整手段包括:联合疗法,如光学疗法联合药疗法,或者光学疗法的联合,如角膜塑形镜联合框架镜。\n5.个性化诊疗与RCT研究,其实是“个体与群体”的关系,研究“近视防控影响因素”的RCT结果可以用于指导个性化诊疗。\n6.AI技术在近视管理中会越来越多担任个性化验配的辅助作用。\n从临床研究到诊疗工具的全链条升级\n聚焦近视防控的系统化升级,与会嘉宾以全球医疗协同为切入点,围绕全球经验、本土实践与技术创新三大维度,开启了跨地域、跨维度的深度思辨,涵盖从人群管理优化到个体诊疗策略,从医疗体系框架发展到个案诊疗技巧分享,为构建更具针对性的中国儿童近视管理体系提供全球化解决方案。\n《各国近视管理医疗体系差异》专题研讨中,嘉宾从政策法规、近视筛查体系、服务模式与费用结构、患者及家长认知四个维度分享了中国、美国、澳大利亚近视管理趋势与差异。\n未来,人工智能将在个性化验配、近视诊疗辅助等方面发挥日益重要的作用,这一技术在近视管理的应用也成为研讨过程的一大亮点。三位不同研究背景的视光专家,分别从临床实践、大数据验证与科研方法论的视角,立体呈现了人工智能在诊疗中的创新价值与发展边界。\n此外,本届论坛更有亚洲眼视光执业管理协会(AOMA)及国内顶尖视光中心专家深度分享真实世界近视管理临床新发现,并结合复杂病例展开讨论,将理论实践相结合,驱动近视管理体系、技术创新。\n库博光学全力支持亚太近视管理论坛APMMS\nAPMMS自成立五年来,已成长为亚太地区极具影响力的近视管理专题学术平台,将国际前沿的近视防控理念与技术结合,搭建适应本地市场的APMMS学术论坛。\n库博光学特需医疗中国总经理Mr. Arthur Kung\n库博光学特需医疗中国总经理Arthur Kung 表示:“库博光学始终将近视管理视为未来发展的核心之一,凭借深厚的技术积累与创新能力,构建了全面且科学的近视管理解决方案。APMMS 2025不仅体现了库博光学对中国近视管理市场的高度重视,更承载着借助这个平台,与中国的专家学者、行业同仁们深入交流,共同为中国近视管理的学术推广贡献力量,助力中国近视管理事业迈向新高度的美好愿景。”\n库博光学拥有强大的研究背景,并且高度重视临床卓越和临床研究。从研发先进的近视防控型隐形眼镜产品MiSight® 日抛 ,到个性化定制的角膜塑形镜 CRT®和DreamLite®,到创新DOT点扩散技术的近视防控型框架镜片,致力于为每一位患者提供精准、高效的个性化服务。未来,库博光学还将深化与眼视光专业人士、研究机构的合作,并加大在中国的投入力度,开展更多针对性的临床研究,以专业力量推动行业规范化发展,为“健康中国2030”贡献力量。\n免责声明：该文章系我网转载，旨在为读者提供更多新闻资讯。所涉内容不构成投资、消费建议，仅供读者参考。'),(652,'来源：鲁网','2025-06-05 15:44:00','复旦大学外文学院联合豆包举办AI工作坊','当“00后”文科生在复旦课堂遇到豆包AI,会发生什么?\n近日,复旦大学外文学院豆包AI工作坊落下帷幕。线上线下共有来自外国语言文学、哲学、新闻等专业的100多名学生参与,学习模型训练和AI工具实践,包括如何使用豆包“AI编程”功能制作小程序,怎么用扣子搭建豆包智能体等。\n这是豆包“AI进校园”活动首站,也是复旦外文学院AI课程《智能写作评估系统设计与应用》的一部分。这学期,外文学院与豆包AI合作,围绕AI发展、模型训练和工具使用等内容设计教学课程。\n任课老师秦文娟副教授介绍,开设这门课起初是源于一种焦虑。因为AI的兴起,感受到了压力和需求,应该去拥抱变化,因此想到和豆包合作,让学生了解到更多前沿进展与实操方法。\n英语专业在读硕士生马逸群提到,现在高中老师一般是大班教学,课程任务较重,希望尝试用AI辅助个性化教学设计。豆包的“AI编程”功能可以激发更多课堂创意,也像是很有耐心的老师,一步步解答疑惑,解决各类Bug。\n学员赵芸巧来自新闻学专业,读研究生之前曾在山区支教一年。她希望了解更多豆包智能体的方法,将自动批改作文等工具结合到乡村中小学教育中。\n复旦大学外文学院院长高永伟教授也参加了本次工作坊。他长期关注AI发展,曾在一次讲座前尝试用豆包复刻自己的“AI分身”,以提升讲座分享的互动性。\n他表示,AI融合高校课程是非常有意义的事情,这次工作坊“还是有信息爆炸的感觉”。希望更多英语教师可以借助AI工具,辅助专业教学设计,提升学生在语言使用方面的能力。\n接下来,豆包“AI进校园”活动还将走进浙江大学、华中科技大学等高校,与更多大学生见面。最后,临近高考,也祝广大考生们金榜题名,考上理想的学府。\n免责声明：该文章系我网转载，旨在为读者提供更多新闻资讯。所涉内容不构成投资、消费建议，仅供读者参考。'),(653,'来源：日照新闻网','2025-06-13 16:43:00','618零食囤货挑花眼？好丽友承包你下半年的零食时光','声势浩大的“618”网络购物节已近“抄底”阶段，众多蹲低价寻好物的消费者纷纷开启“加购”模式。在这场如火如荼的购物狂欢中，好丽友旗下多款零食新品和高性价比的经典产品，成功俘获年轻人的心，成为零食囤货清单上的热门选择。\n今年上半年，好丽友推出多款创意新品，在社交媒体上引发网友们的讨论和种草。“618”期间，热衷尝鲜的年轻人在好丽友的新品矩阵中，不仅能收获满满的惊喜，还能找到丰富且灵活的凑单选择。\n针对当下的零食潮流，好友趣薯片在“618” 前夕推出火鸡面味新品，暗红色的包装极具视觉冲击力，口味上更是精准还原了纯正韩式火鸡面风味，热辣与鲜香交织，令人回味无穷，越吃越上瘾。好丽友招牌的“泡菜味”家族也迎来新成员——薯愿泡菜味。这是继好友趣、呀!土豆之后，好丽友推出的第三款泡菜味零食。上市后，迅速收获许多消费者的好评。“618”期间，成功吸引年轻人“一尝究竟”的好奇心。\n网红软糖果滋果心，凭借其“可以剥皮吃”的独特玩法和浓郁的果汁口感，深受大小朋友的喜爱。今年好丽友推出“花系列”和“浓系列”两款不同风格的新品。“花系列”主打水果与花香复合口味，产品中添加真实花瓣碎片，“0糖0脂”配方更是格外引人关注；“浓系列”则添加了高达99%的果汁和果浆（以原果汁计），每一口都能感受到浓郁的果汁味道，令新老粉丝们惊喜连连。\n季节限定新品好丽友派奶香榴莲味，带着浓郁的热带风情与榴莲爱好者们热情邂逅，牛奶榴莲味的涂层包裹着奶香浓郁的蛋糕，特别添加了苏丹王冻干榴莲粉，巧妙营造出牛奶香气与榴莲果香相互交融的迷人风味。\n除了层出不穷的新品，好丽友的多款经典产品推出了实惠的组合套装，经典好丽友派30枚装、薯愿12包混合口味装等，都是备受消费者青睐的热门选择。这些组合套装“量大管饱”的同时口味多样，让消费者们直呼“闭眼入不出错”。经典好丽友派以香浓巧克力风味涂层、绵软蛋糕与Q弹棉花糖夹心的搭配经久不衰，升级后的好丽友派“大了8.8%”，性价比进一步提升。非油炸的薯愿采用焙烤工艺，让每一片薯片都呈现出独特的酥脆口感。香烤原味、清新番茄、蜂蜜牛奶等等经典口味，款款深入人心，拥有众多忠实粉丝。延续儿童节的宠爱，好丽友在“618”为小朋友们准备了“好多鱼超值组合装”，涵盖浓香茄汁味、鲜香海苔味和脆香烧烤味三种热门口味。萌趣可爱的海洋小动物造型，好吃又好玩。\n对于休闲零食行业而言，“618”购物节不仅是一场销售爆发的盛宴，更是品牌建设与用户连接的综合战役。好丽友通过深耕多圈层消费人群运营，借助电商流量赋能，并与达人种草紧密联动，不仅为新品赢得了良好口碑，推动了经典产品的销量成长，更在多元口味与高性价比的叠加效应下，实现了与消费者的双向奔赴，进一步巩固了其在休闲零食市场的地位。'),(654,'来源：中国日报网','2025-06-13 14:30:00','莫斯科文化节在王府井步行街启幕','6月12日，一场充满俄式风情的“莫斯科文化节”在北京王府井步行街盛大开幕。这是莫斯科市首次在海外举办如此规模的文化盛典，北京则成为首个迎来这场“莫斯科主题”节日庆典的国际都市。活动期间，市民游客可通过丰富多彩的演出与美食品鉴，深入感受莫斯科的魅力。来自两大国际都会的各界代表，也将借商务会议之机，共商合作前景。\n文化节期间，每日都将呈现全新的音乐盛宴。在6月12日的开幕日，两大舞台同时奏响动人乐章，知名乐队佩拉格娅 (Pelageya)、俄罗斯民族乐团VSELENA FOLK等艺术团体联袂献艺。6月13日，观众将沉浸在“莫斯科爵士之夜”的律动中。6月14日，莫斯科的现代民谣项目将惊艳亮相，配合人声与鼓点表演，点燃现场气氛。6月15日，文化节将在王府井迎来闭幕演出，届时俄罗斯浪漫曲、歌剧选段及古典器乐将奏响华美终章。此外，每日还将上演不同风格的芭蕾盛典。6月15日，盛大的“莫斯科古典”芭蕾荟萃将为整个艺术表演画上完美句点。\n节日主场地王府井步行街上，精心布置的莫斯科主题展亭群已正式开放。游客可在此沉浸式参与特色创意活动，淘宝琳琅满目的纪念品——从精致徽章、手工购物袋到醇厚黑巧克力、特色熏羊肉制品一应俱全，更能品鉴地道俄式佳肴。美食展区特别联袂京城传奇老字号“莫斯科餐厅”合作呈现，这家拥有七十余载历史的俄餐名店，将带领食客开启舌尖上的俄罗斯文化之旅。\n现场专设童趣乐园，提供面部彩绘等丰富活动，让小宾客尽享欢乐。数字科技互动区则带来震撼体验：戴上VR设备即可凌空翱翔，俯瞰莫斯科壮丽全景，漫步国民经济成就展览馆（VDNH）与莫斯科电影公园，更能在元宇宙展厅中点燃专属虚拟烟花。美学沙龙提供纯正俄罗斯发辫编织与清新裸妆服务，助游客焕新形象。七大网红打卡点同步开放：在“莫斯科茶会”主题区可与盛装演员及传统茶点合影；“莫斯科庄园节”布景复刻贵族风情；城市互动全景展馆呈现动态首都画卷；前卫艺术装置区则成为拍摄时尚大片的绝佳背景。\n文化节同期举办金砖国家国际摄影展“光影莫斯科”中国摄影师作品单元，展出任桄林和李帆两位中国摄影师的佳作。该展览作为“未来之境：莫斯科2030”国际节庆论坛的一部分，观众将通过同胞的镜头，领略俄罗斯首都的独特魅力——从蜚声世界的名胜古迹到充满活力的现代街景与地铁站。\n现场的莫斯科旅游信息中心的虚拟现实（VR）体验区也在节日期间持续开放。游客可以通过该区域深入了解俄罗斯首都的相关信息，包括著名景点、特色旅行路线、适合家庭的度假地点以及重要文化活动的举办场所。\n文化节框架下，还将举办重磅商务会议——《未来城市：莫斯科与北京战略伙伴关系的协同作用》。会议将汇聚科技、文化、贸易、创意产业等众多领域的代表，共同探讨莫斯科与北京战略伙伴关系的协同效应、中国市场机遇、超大城市智慧交通的未来图景等精彩话题，与会嘉宾包括莫斯科市政府相关部门代表、莫斯科地铁公司代表、北京智能交通发展中心负责人、莫斯科及北京大型企业领袖，以及莫斯科动物园、GES-2文化之家、莫斯科城市博物馆、察里津诺庄园博物馆保护区、国家历史博物馆等莫斯科重要文化机构负责人。\n会议期间还将重点推介莫斯科的旅游资源和会展（MICE）潜力，并邀请两市逾百家旅游企业参与商务洽谈。本次“莫斯科文化节”由莫斯科市政府主办，北京市人民政府支持。俄罗斯与北京已缔结友好城市关系三十载，此次活动也是对今年早些时候在莫斯科成功举办的大型中国新年庆祝活动的友好回应，同属中俄互办“文化年”的系列活动。\n（中国日报北京记者站 杜娟）'),(655,'来源：东方网','2025-06-12 11:14:00','Lavazza拉瓦萨再度牵手兰博基尼汽车 百年咖啡注入超跑速度','2025年6月12日，继去年首次合作反响热烈之后，有着130年历史的全球咖啡巨头Lavazza拉瓦萨与兰博基尼汽车再度携手开启跨界合作。这不仅是两个传奇品牌的基因共振，更是一场关于咖啡豆与机械美学的深度创新实验。\nLavazza，这个名字在意大利语中，几乎就是咖啡文化的代名词。在意大利，每三杯咖啡中就有一杯是Lavazza，每年，全球消费者享用超过300亿杯Lavazza咖啡，2020年，Lavazza更是跻身RepTrak®全球品牌价值榜第33位。这些数字背后，是对Lavazza品质与口碑的最好诠释。\n兰博基尼汽车，超跑界的传奇品牌，则以其对速度与性能的极致追求，成为汽车工业中的佼佼者。每一辆兰博基尼汽车超跑，都是工程师与设计师心血的结晶，它们以惊人的速度、独特的设计和卓越的性能，诠释着速度与激情的真谛。\n当Lavazza的百年咖啡魂遇上兰博基尼汽车的速度基因，一场跨界合作的精彩故事就此上演。\n百年传承，意式咖啡的代名词\n1895年，Luigi Lavazza在意大利都灵圣托马索开设了一家杂货店，谁也不曾料到，这家小店将开启一段跨越三个世纪的咖啡传奇。从最初的咖啡豆烘焙到精妙的拼配技艺，Lavazza家族四代人始终秉持着对咖啡的极致热爱，将意式浓缩咖啡（Espresso）推向全球，成为意大利咖啡文化的代名词。\n作为意大利最大的咖啡公司之一，Lavazza不仅见证了意式咖啡的崛起，更以其创新精神不断重塑咖啡体验。从发明胶囊咖啡机，到与米其林星级餐厅主厨跨界合作，再到将咖啡送入太空，Lavazza始终走在行业前沿，将咖啡从日常饮品升华为生活美学的象征。\n在中国市场，Lavazza同样展现出强大的适应力与创新力。2020年，Lavazza与拥有肯德基、必胜客等连锁品牌在内的餐饮巨头百胜中国联手成立合资公司，在上海开出亚洲首家旗舰店，正式开启本土化征程。短短五年间，Lavazza拉瓦萨已在中国开设超过一百家门店，覆盖北上广深等核心城市，并深入高校市场，以“咖啡+学术”的创新模式触达Z世代群体。\n从咖啡豆到超跑基因的味觉解码\n此次与兰博基尼汽车的合作，Lavazza为兰博基尼汽车量身打造了“意式浓缩咖啡液X兰博基尼汽车甄藏款”。这款产品以118颗精选咖啡豆为灵魂，通过“慢烘焙+瞬时冷却”工艺，将巴西日晒阿拉比卡、东南亚水洗罗布斯塔与哥伦比亚水洗阿拉比卡进行精妙比例拼配。中度烘焙下，咖啡豆释放出浓郁榛果香与焦香巧克力的层次感，而闪冷锁鲜技术则让这份风味在25秒标准萃取中定格，这恰是Lavazza百年拼配哲学的体现。\n更令人眼前一亮的是联名咖啡豆的包装设计：磨砂黑质感罐体历经十二道工序打磨，食品级材质搭配单向排气阀，确保咖啡豆在180天内保持新鲜。\nLavazza与兰博基尼汽车联名推出的雪克劲摇系列，也是此次合作的重头戏。该系列包含四款创新饮品：6月12日冰柠羽衣甘蓝雪克劲摇与薄荷蜜瓜味雪克劲摇领先开摇，前者以拉瓦萨咖啡豆为基底，融合羽衣甘蓝苹果复合果汁与香水柠檬汁，带来清新活力的夏日体验；后者则将牛奶与薄荷蜜瓜风味糖浆巧妙结合，搭配薄荷叶的清凉，营造出层次丰富的味觉享受。\n雪克杯的加入，则让人人都能体验更具仪式与惊喜的咖啡调制体验。通过摇晃，将咖啡的醇厚与果汁的清新进行融合，释放出令人惊喜的味觉层次。\n“这不仅是品牌联名，更是两个世纪工匠精神的对话。”百胜中国首席顾客官、Lavazza中国总经理陈琦表示。此次合作中，购买雪克劲摇双杯套餐，联名咖啡豆或两盒咖啡液，消费者将获赠限量兰博基尼汽车联名款马克杯——绿色、黑色、黄色三款配色灵感源自兰博基尼汽车经典配色，而黑色保温杯则以哑光质感呼应超跑内饰。这些细节，正是Lavazza“将奢华融入日常”理念的具象化表达。\n值得一提的是，Lavazza以百年匠心推出两款兰博基尼汽车联名的限定甄藏款咖啡产品：意式甄选咖啡豆和柑橘茉莉意式浓缩咖啡液。意式甄选咖啡豆杯选用门店同款精品咖啡豆，由SCA 认证的意大利咖啡大师亲研亲测，30天新鲜烘焙，180天长效锁鲜。\n独特的柑橘茉莉咖啡液意式浓缩咖啡液，是品牌专门为中国年轻消费者定制，全球首发。它选用门店同款咖啡豆，118颗浓萃成一杯，随时随地还原门店现磨风味；一杯入口，顺滑浓郁口感伴随茉莉清香和热烈柑橘风味，让味蕾如同在意大利的海边飞驰,心旷神怡。\n与此同时，还有惊喜兰博基尼汽车联名咖啡杯及磨豆机等周边礼品，及珍藏联名礼盒，极速奢享，领先开摇。\n“真正的奢侈，是时间与匠心的共鸣”\n《2025中国城市咖啡发展报告》显示，2024年中国咖啡产业规模达3133亿元，同比增长18.1%，预计2025年将达3693亿元，全国人均咖啡消费达22.24杯，且增长潜力巨大。\n面对消费场景从“提神刚需”向“品质社交”的跃迁，品牌前瞻性地进行了立体布局：商圈地标——上海又又中心店将意式美学嵌入中山公园商圈，北京新辰汇店以开放式吧台强化社交属性；高校切口——上海复旦管院店的开业，标志着品牌正式进军Z世代市场；产品创新—— Lavazza与全球多位米其林星级餐厅大厨合作，推出与米其林星级餐厅主厨合作的美食，将美食设计与咖啡相结合，创造真正创新的咖啡体验。这些场景革命的底层支撑，是百胜中国覆盖2200城的强大供应链网络。\nLavazza中国总经理陈琦特别提到过一个细节：Lavazza的咖啡师都要经过3个月“意大利咖啡学院”培训，考核手冲技法、咖啡历史等。这种对专业主义的坚持，恰是不断变化的市场中最珍贵的定力。当行业追逐网红效应时，Lavazza用百年积淀证明：真正的品牌资产，永远生长在时间与匠心的交汇处。\n“真正的奢侈，是时间与匠心的共鸣。”陈琦的这句话，或许能解释Lavazza为何能在全球每年卖出300亿杯咖啡。当兰博基尼汽车的引擎声与咖啡机的轰鸣声交织，这场跨界对话已经成为两个传奇品牌对“创新”和“匠心”的共同注解。而那杯蕴含118颗咖啡豆的浓缩咖啡，正是这场对话最醇厚的见证。\n免责声明：该文章系我网转载，旨在为读者提供更多新闻资讯。所涉内容不构成投资、消费建议，仅供读者参考。'),(656,'来源：东方网','2025-06-10 13:51:00','松果出行爱心助考 在全国多地设置“高考加油站”','6月9日，全国多地高考落下帷幕，今年全国高考报名2025年全国高考报名人数1335万。在这场关键“大考”中，千万学子奋力作答、勇毅逐梦，各地有关部门和社会各界竭尽全力，为考生保驾护航。高考期间，松果出行志愿者在全国各地考点外设置了“高考加油站”，用无声的守护，护航高考。\n高考首日，在河南开封、周口商水县，松果出行志愿者早早出发，在开封高中、开封第五中学等多个考点附近设立了“高考加油站”，准备了水、巧克力、雨伞和一些消暑用品，为广大学子、家长，以及保障高考秩序的城市管理人员尽一份绵薄之力，一同为高考保驾护航。\n（河南开封松果出行高考加油站）\n同时，在山东菏泽、聊城、济宁、淄博，湖北十堰，湖南衡东，广西德保等地，松果出行志愿者也在各考点外设立了“高考加油站”，为考生及家长免费提供矿泉水等防暑用品。松果出行志愿者手持“状态绝佳”“逢考必过”等祝福标语，为考生递上清凉的同时也送上一份鼓励。\n（湖南衡东松果高考加油站）\n一位考生家长感慨：“高考不只是一个孩子的高考，更是一个家庭及全社会的高考，小小的一瓶水，是来自社会的鼓励，非常温暖非常有力量。”\n松果出行城市运营负责人表示：“我们注意到今年高考期间全国各地普遍是高温天气，除常规物资外，还特别准备了清凉喷雾、应急充电宝等，全方位满足考生需求，为高考做好护航助力工作。”除此之外，依托智能调度系统，松果出行各城市运营团队还在考点周边站点根据考试开场、散场时间，集中增派松果电单车，方便家长、执勤人员出行使用，并加派运维人员，加强对电单车的调度及管理，助力市民出行，避免交通拥堵等。\n同时，为营造静音高考氛围，松果出行通过线上线下双举措发起“静音模式”。线下在考试期间取消考场附近所有车辆的车身语音，并在高考三天里，将全城车辆的车身语音声降到最低。线上在松果出行APP内发布“静音高考倡议书”，倡导全民参与静音高考氛围营造行动中来，确保高考期间，为考生创造安静的考试、复习与休息氛围。\n“共享电单车不仅是交通工具，更应成为城市温度的传递者。”松果出行城市运营负责人强调。高考不仅是考生的战场，更是全社会共同守护的梦想之旅。松果出行以点滴行动践行社会责任，用一瓶水、一句问候、一份安心，为考生加油鼓劲。未来，松果出行还将继续以“回馈社会”为引领，在全国各地积极开展公益活动，从点滴中传递温暖，践行企业社会责任。\n免责声明：该文章系我网转载，旨在为读者提供更多新闻资讯。所涉内容不构成投资、消费建议，仅供读者参考。'),(657,'来源：中国日报网','2025-06-04 18:07:00','海外手记 | 美国关税威力大，比利时巧克力都害怕','比利时有种特产全球都知道，那就是巧克力。\n正宗的比利时巧克力，突出一个好吃、量大还便宜。别地方的巧克力就是巧克力味儿，这里的巧克力却只是一种打底主料，里边掺的是榛子酱、松露、焦糖、果仁、果泥、香橙丝、覆盆子酱、甚至香草奶油，要什么口味儿有什么口味儿。\n别地方巧克力经常包装成拇指大小的小块块，这里的巧克力再不济也得装在信封大小的包装袋里，有的干脆做成更大的块，隔着橱窗尽情地展示自己别具一格的设计，算是比利时独特的一道风景线。\n更让人意想不到的是这里还有巧克力工厂店，那里的巧克力论公斤称、论用鞋盒大小的纸盒装，一千克标价二十多欧元，对当地人来说不过是一顿饭。难怪笔者来了后跟当地人聊天，发现不管语言、民族、肤色、贫富，所有人都对本地巧克力充满了自豪之情，在他们眼里巧克力只分为“比利时的”和“比利时以外的”两种。这种自豪可不仅仅是一种感情，而是能给比利时带来实实在在收益的——仅2023年，比利时出口的“巧克力及其它可可制品”价值总额就达到了33.6亿美元。 要知道比利时全国人口不过1180万，人均出口巧克力接近350美元，这可不是个小数目。\n不过过去几个月比利时巧克力遇到了点麻烦。每年30多亿美元的巧克力出口中，大约有1.75亿美元会坐船去大洋彼岸的美国，作为相对中高端的糖果卖给那里无糖不欢的美国顾客。但这两年不一样了，比利时是高纬度国家，制作巧克力的原料可可豆主要靠从非洲进口，2024年西非可可豆减产涨价，已经给巧克力价格加了不少压。今年4月特朗普总统大手一挥，把比利时巧克力的关税从6%增加了一倍多，直接打到了16%，这又增加了不少成本。再加上美元对欧元贬值了10%左右，两相比较，比利时巧克力的成本和售价都上涨不少，不少美国消费者只能忍痛割爱，转向价格相对低廉的平替。\n哪怕特朗普宣布暂停与欧洲的“对等关税”90天，他那朝令夕改的作风已经给当地人留下了深刻的印象，不敢轻易接美国的单了。笔者走访了三家巧克力店，与店主随便攀谈，一位40多岁正在壮年的店主就操着不流利的英语表示：“我们什么都没有做错，为什么有人要给我们加关税？We have done nothing wrong... Why do they want to tariff us?”\n一位五十多岁的大叔拿着一块巧克力坐在长椅上，半闭着眼享受着在布鲁塞尔难得一见的阳光。听我谈及关税，大叔睁开眼睛，表示他不懂国际政治但学过经济学，知道如果比利时的巧克力卖不出去了，那吃亏的一定不只是巧克力店主自己，就业会受影响、税收会受影响，公共服务也会受影响。\n“大家不都抱怨布鲁塞尔没有免费公厕吗？出口受挫的话，市政厅就更没钱建厕所了。”\n往深了想，这是现代全球经济体系下十分可怕的一幕：全球头号强国的领导人，只需要在办公室里慵懒地看一份文件，随手签个名，就能有效地打击到非洲的农民、欧洲的商人和本国的消费者。也许一位勤劳的西非农民在可可园里吭哧吭哧小半年，发现自己干的更多了挣的却更少了；也可能一位比利时巧克力作坊主每天依旧兢兢业业，却发现自己的利润被摊薄了；更有可能一位美国消费者什么坏事都没做，却发现比利时巧克力涨价到自己吃不起了。\n连加关税的美国政府都没能获利。确实税率高了美国政府能在这个财年里多收点税，但已经有机构预测，白宫增加关税可能造成其经济增长减速0.2个百分点，资本市场衰退0.1个百分点，以及数以十万计的工作机会完蛋。 不同机构预测结果不同，但一个基本共识是，美国政府别想从里边赚钱。\n包括美国政府在内的所有人都亏，没有一个人能赚钱——这就是高关税的巨大破坏力。再深入一层，这是因为高关税在根本上与现代世界运行的基本逻辑是背道而驰的。各个经济体情况不同，但都有自己独特的资源禀赋，发挥自己的比较优势生产擅长的产品、并拿来与全世界交换是世界经济的底色。美国政府挥舞关税大棒是在阻碍这种生产要素流动，切断了世界的自由交换，自然也就扼杀了世界的活力。\n或许特朗普也明白这一点。至少对欧洲的关税他暂停了90天，对中国的关税也暂停了一部分，剩下的也有消息说在谈判。但无论如何，越是身居高位手握重权者越不能轻易挥舞大棒，白宫的主人尤其应当注意这一点。\n（张周项）'),(658,'来源：央视新闻','2025-05-27 14:59:00','端午氛围感拉满！赛龙舟、粽子、香包都有了新花样','本周六（5月31日）就是我国传统节日端午节，这几天，各地的节日氛围越来越浓。在浙江杭州余杭区五常街道的五常龙舟胜会上，热闹热烈的龙舟竞渡精彩上演。\n浙江杭州：比速度也比水花 龙舟竞渡花样多\n锣鼓敲响，声震河岸，一艘艘龙舟似离弦利箭扎入开阔的河道，破浪疾驰，两岸观众的助威声此起彼伏。当地的龙舟竞渡重在一个“闹”字，不只是比速度更是比姿态，每当龙头破水而出，吐出的水花越高、越漂亮，便越能博得满堂彩。\n余杭区五常街道龙舟划手 钱晓军：大家心里都有一股劲，就要把劲都用在这个桨上。每年举办这样的聚会是一种文化传承。\n今年的五常龙舟盛会历时11天，通过影像展示、特色市集、激烈竞技、文化展览以及趣味体验活动等多元形式，为大家呈现出一场精彩纷呈、全方位的龙舟文化盛宴。\n四川成都：糯香四溢 粽子一条街热闹繁忙\n吃粽子是端午习俗之一。临近端午，四川成都有着40多年历史的“粽子一条街”糯香四溢。除了备受好评的传统鲜肉粽、蛋黄粽，今年当地还创新推出了巧克力粽、菠萝水果粽等等。\n总台记者 赵雄：我现在是在成都市金牛区的马鞍东路，这条街也被称为粽子一条街。在现场我们可以看到30多家商户，几乎每一家门都是门庭若市，热闹非凡。在各种各样口味的粽子当中，最受欢迎的就是这个巨型肉粽，几乎每个粽子都要使用十几张大大小小的粽叶，上面会放两三块手掌大的五花肉以及7颗咸鸭蛋，每一个粽子的最大重量可以达到3斤左右。\n粽子商家 梅现蓉：这个粽子一般都是一家人吃，大家在一起，你一块我一块，就觉得有那个气氛，过节了。寓意就是吉祥如意，团团圆圆，和和美美一家人。\n成都“粽子一条街”除了传统的粽子之外，今年当地还推出了梅菜扣肉粽以及甜口的巧克力粽和菠萝水果粽，品类达数十种。每年端午节前，这里每天都会吸引数千人采购粽子。\n顾客：我是这儿的老居民，都晓得我们这条街卖的粽子比较好，鲜肉的，还有白味的，每种味道都买了点，我们自己的家人也吃一些，然后再送给亲戚朋友，大概买了10多斤。\n据了解，今年成都粽子一条街从5月13日开街，一直销售至5月31日端午节当天。\n河南南阳：寓意健康吉祥 五彩香包受欢迎\n除了粽子，很多地方还有选购香包的习俗。在河南南阳，琳琅满目、寓意健康吉祥的手工香包受到消费者的喜爱。\n位于南阳市中心城区的工农路，是当地的香包售卖集聚地。记者在这里看到，不少商家都把香包挂在了明显的位置，各种各样的香包应有尽有，吸引了不少消费者前来选购，其中手工香包最受欢迎。\n南阳市民 肖慧：每年端午节，买香包是必不可少的，香包现在的款式越来越多，做工越来越精致，艾草香包驱虫避蚊，今年想多买几个，挂在家里，看着也舒心。\n针对不同消费群体，当地各生产企业还推出了文艺清新的车载香包，萌趣可爱的造型香包及五彩绳等各式样的特色香包套盒，深受消费者喜爱。\n湖北游客 徐赫群：这里面有香包、手环、雄黄粉，香包它代表着平安、吉祥、健康、美好的祝福。我打算多买几款，然后放在车里、房间里，这也是一种节日的氛围。'),(659,'来源：周口网','2025-05-27 10:09:00','千年荔枝树整树果实1元起拍！5月27日京东美食惊喜日解锁全球美味','当1300多岁的古树荔枝遇上百年的深海龙虾，当百斤西瓜碰撞环球世界美食礼包，一场颠覆想象的美食拍卖即将开启。5月27日，京东美食惊喜日集结全球罕见食材空降京东拍卖，千年荔枝树的整数果实、百斤瓜王、8J巨无霸樱桃等众多美味将以1元起拍价亮相，打造美食界的年度奇观。\n在广西灵山千年荔枝园，千年古树正静待结果。这些见证过朝代更迭的活体文物，每年还未挂果就被预订一空。去年一株1500年古树的荔枝曾拍出1561元/斤的天价，单颗售价高达99元。今年京东特别推出古树采摘权拍卖，让消费者不仅能品尝“荔枝界的茅台”，更能拥有穿越千年的文化体验。\n来自加拿大东海岸的深海传奇同样令人惊叹。在6-10℃低温海域生长百年左右才能达到10斤重的巨螯龙虾，双鳌展开可达80cm，去年曾创下3888元成交记录。如今在京东美食惊喜日，这只凝聚世纪精华的珍稀食材将以1元起拍价拍卖，为家宴增添长寿寓意。\n除此之外，京东美食惊喜日当天还将1元起拍重量堪比20颗普通西瓜的“巨无霸”百斤西瓜、包含新西兰巨无霸黑金鲍鱼、南极深海捕捞银雪鱼、智利帝王蟹等8国18款食材的世界饕餮生鲜礼包，以及包含布丁之神，Jennie同款零食，瑞士巧克力，澳洲五星酒店专用早餐奶等10国21款零食的环游世界美食礼包……千奇百怪的美食，每开启一层都是跨越经纬度的味觉探险，让餐桌秒变环球美食地图。来京东美食惊喜日，享受私人订制版“舌尖上的世界”。\n值得一提的是，为打造沉浸式体验，京东特别设置拍卖直播。5月27日14：00起，采销主播将亲临现场，揭秘拍品背后的精彩故事，消费者不仅能了解千年荔枝古树的生长背景，还能通过多个视角见证百年龙虾的运输全流程。锁定5月27日，打开京东APP搜索搜索“京东拍卖”，即可加入这场美食收藏盛宴。在这里，每一口都是文明切片，每一餐都在书写历史，让全球珍馐跨越时空界限，成就属于美食家的高光时刻。\n免责声明：该文章系我网转载，旨在为读者提供更多新闻资讯。所涉内容不构成投资、消费建议，仅供读者参考。'),(660,'来源：中国日报网','2025-05-26 17:32:00','科技赋能油茶产业升级 健康惠民拓宽乡村振兴“国际赛道”','在健康中国战略稳步推进与乡村振兴全面深化的时代浪潮下，宁德九展农业有限公司以创新为笔，以油茶为墨，绘就了一幅产业升级、健康惠民、乡村振兴协同发展的壮丽画卷。凭借前沿科技，九展农业将千年油茶的价值深度挖掘，一块小小的茶油巧克力，成为打通乡村振兴“国际赛道”的关键密钥。\n油茶作为我国极具历史底蕴的特色农产品，堪称大自然馈赠的“健康宝库”。《本草纲目》记载其“润肠通便、去痰垢”，《本草纲目拾遗》也提及它有清胃解毒之效 。现代科学研究进一步揭示，茶油不饱和脂肪酸含量高达93%，油酸含量达80%，能有效降低胆固醇和甘油三酯、清除自由基，对预防心脑血管疾病、改善肠道功能有着卓越功效。其中富含的角鲨烯、维生素E等活性物质，抗衰老能力远超国家标准，是慢性病防治的天然“良方”。然而，长期以来，油茶在慢性病防治领域的系统性研究相对不足，制约了其产业价值的充分释放。\n宁德九展农业有限公司充分发挥民营企业的创新活力与进取精神，联合顶尖科研机构，历经13年攻坚克难，成功研发出经国家卫健委核准备案的九展茶油巧克力。企业运用自主研发的纳米乳化专利技术，将液态茶油巧妙转化为固态，不仅完整保留了茶油的全部营养成分，更赋予产品独特丰富的口感。同时，通过科学配方融合多种有益成分，显著提升了产品在慢性病防治方面的综合效果。与福建天怡现代农业合作开展的系统性临床观察数据令人瞩目：连续食用三个月后，75%的“三高”人群血脂、血压、血糖指标显著改善；82%的胃肠不适人群反酸、腹胀等症状得到有效缓解。\n在市场开拓进程中，九展茶油巧克力展现出强劲的竞争力与广阔的发展前景。2023年全球巧克力销量达1100万吨，若我国茶油巧克力能够占据15%的市场份额，将有力带动上游油茶的市场需求，这不仅能切实解决茶农的销售难题，还能让更多消费者受益于油茶的健康价值。\n九展农业在油茶全产业链的深度布局，更是为乡村振兴注入源源不断的动力。在种植环节，春辉生物（九展品牌）研发的专利有机肥无偿提供给茶农使用，有效提升了油茶的产量和品质，这一惠农举措获得《人民日报》周刊的关注与报道；在加工环节，企业引进先进生产线，以严格的生产标准保障茶油的高纯净度；在包装环节，将包装盒专利无偿开放给茶农使用，既提升了产品外观的美观度，又有效降低了运输过程中的损耗。截至目前，公司已成功申请50多项专利，其中发明专利25项，13项发明专利已成功实现成果转化，并陆续推出了孕产妇月子油等多款深受市场欢迎的特色产品。\n随着《中华人民共和国促进民营经济发展壮大的意见》及民营企业相关法规政策的深入贯彻落实，民营企业在政策扶持、市场准入、知识产权保护等方面获得了更加坚实有力的保障。九展农业将紧紧抓住这一发展机遇，持续加大科技创新投入，不断优化产品结构与品质，积极拓展国际市场。\n未来，九展农业将以茶油巧克力为先锋，带着承载健康价值与乡村振兴希望的优质产品，坚定地走向世界舞台，让千年油茶产业在国际市场上焕发全新生机，以实际行动诠释民营企业在乡村振兴和国际交流合作中的使命与担当，为推动中国乡村振兴成果走向世界贡献磅礴力量！（图片由宁德九展农业有限公司授权提供）'),(661,'来源：央视新闻','2025-05-25 09:37:00','博览会好物多多 中东欧客商爱上了中国造仿生产品','第四届中国—中东欧国家博览会暨国际消费品博览会正在浙江宁波举行。本届博览会上，中国制造的创新产品凭借技术革新和卓越的品质，受到广泛关注。\n创新产品出彩\n贸易合作成果丰硕\n本届博览会首次设立了数智中东欧展区，由中国研发制造的人形机器人、仿生技术产品、AR交互应用等近百项人工智能与机器人领域的“黑科技”扎堆亮相。\n斯洛文尼亚客商 博扬·帕赫利纳：我非常喜欢这个仿生手，这个技术可以让仿生手指做非常精确的事，我认为这样的产品有进入世界市场的可能，而不仅仅是我们的国家。\n浙江人形机器人创新中心带来了最新研发的人形机器人“领航者2号”，它可以应用于制造、零售、导览、巡检等众多领域。而在“浙江精品”主题展区，超轻环保双肩包、碳纤维匹克球拍、多语种实时互动翻译机等一系列浙江制造的潮流单品也纷纷亮相。\n在各类创新产品备受关注的同时，贸易合作也成果丰硕。这家从事宠物产品国际贸易的公司，与一家塞尔维亚公司签订了超两亿元的合作协议，计划开发宠物营养品市场。\n据了解，此次签约涉及宠物用品、矿产品、滑雪器材、葡萄酒等10个进口采购项目。来自全国各地以及中东欧各国的30余家企业完成签约，签约项目总额达24.9亿元。\n“科技＋生活”\n中东欧展区好物多\n本届中国—中东欧国家博览会汇聚了8000多种中东欧特色商品，既有中东欧特色美食，又有VR眼镜、智能家电等高科技产品。\n在数智中东欧展区现场搭建了一个VR体验乐园，究竟有什么奇妙之处？\n总台记者 胡浩然：跟我们平时体验到的VR的体验确实不太一样，我可以在这么大的空间里面随意地走动，特别平稳。\n虽然这样的大空间VR体验项目在国内的普及程度还不算高，但是参展商却已经在中国看到明确且广阔的赛道。\n总台记者 胡浩然：除了智能科技带来的新体验之外，在欧洲精品巧克力展区还可以现场体验制作和品鉴一块来自匈牙利的巧克力。\n总台记者 胡浩然：在本届展会的现场，越来越多的日常护肤和护理的产品，成为不少市民游客的心头好。他们正在把美妆、护理护肤的产品送入中国，积极开拓中国市场。\n参展商 阿加塔·科尔泽涅夫斯卡：中国是一个巨大的市场，所以失去这样的机会是很可惜的。我们以优惠的价格提供最优质的产品，这就是为什么我们认为中国市场是销售我们产品的最佳市场。'),(662,'来源：鲁网','2025-05-20 15:12:00','国际博物馆日，他们用美食重现顶级文物！','起猛了,居然看见@湖南博物院用“镇馆之宝”——中国唯一的人面纹方鼎煮火锅了?云纹漆鼎成了大汉堡、商代豕形铜尊成了“烤乳猪”.....今年国际博物馆日,抖音上掀起的这场美食与文博的梦幻联动,可以说是热闹非凡!\n物质美食与精神粮食双修的抖音精选作者@南翔作为发起人,戴着自己手搓的三星堆青铜面具,给众多博物院和抖音创作者们出了一道开放性“题目”——「用美食重现中华瑰宝」!\n能吃的文物?这题一出,@河南博物院、@湖北博物馆 、@秦始皇帝陵博物院等多家博物馆纷纷借助AIGC技术,为用户献上拿手的“文物大餐”,各种稀世珍宝一夜之间都被“复活”端上“餐桌”,甚至都不知道先“尝”哪家的好。\n当美食界的文化人越来越热衷“整活儿”,各种顶级文物在他们的手中被“神还原”:\n先前被新华社、河南卫视等多家权威媒体相继报道“点赞”的@小邹邹,这次又与人民日报共创发布混剪视频,回顾各种被神级复刻的甜味“国宝”。\n她的翻糖蛋糕版@河南博物院 馆藏“上古神兽”——妇好鴞尊,不仅把这件器物上的多种纹样雕刻的灵动而富有层次感,而且连千年锈色和青铜肌理都做到了极致的还原!\n近期抖音创作者@小邹邹 的又一力作“莲鹤方壶”,复杂纹饰相互缠绕,除了考验绘画技术,还需要用上拓印功底,飞龙、仙鹤与莲花造型的动静结合,一亮相便再次惊艳众人。\n今年国际博物馆日,@小邹邹 受官方邀请来到首都博物馆,现场展示“个人技”,复刻代表作品妇好鴞尊,所有线下参展的观众们都能一睹这位“跨界”甜品师的独特风采。\n同样被多家权威媒体盛赞的抖音创作者@范苏木 ,仅凭一幅画,推导出328组详细建筑数据,“爆肝”六个月,用1860块巧克力,把圆明园十二生肖海晏堂“搬”回了现实!这件特殊的巨型巧克力蛋糕,不仅重现了圆明园精妙的美学艺术,更用极强的视觉冲击力提醒着人们勿忘历史。\n还有更多美食界的“手作大师”也陆续加入:把明朝寺庙里的中式纹样做成蛋糕、把3000岁的猫头鹰青铜酒器做成泡芙塔,在@宗繇ZONGYAO 的美食世界,沉默的文物仿佛也有了俏皮灵魂;从青铜器上寻找拉花创意的@超级卡布达,用咖啡的香醇碰撞中式美学,“中国风永远是最牛的!”\n那些尘封已久的历史,也在抖音美食创作者们的厨房中被重新讲述,万千用户们持续感受着舌尖上的文化魅力:\n江湖大佬的美食乡愁、历史名场面里出现过的”隐藏菜单“,艺术系专业、热爱古董又擅长烹饪美食的@壹东古董食堂 ,在抖音开启“绅士厨房”,带领人们“用味觉穿越到过去”。\n“兵马俑”吃什么?一道“秦代粟菽葵羹”,先秦的饮食习惯、秦国军粮的独特风味、疆场上的狼烟四起,都在他的柔和讲述中变得更加具象,“横扫六国”的岁月化作小火炖煮的浓稠,在舌尖迸发。\n有人在复古氛围中追溯消失的味道,也有人自制小剧场,带领人们沉浸式“走进”历史。\n@江小津(土豆到处去挖)总能“听到”千年前古人们的内心OS。深山中的野菜太寡淡?苗族先民的意外发现,让米汤发酵的酸汤历经1300年,依然是贵州人餐桌上的热门美味。贫苦之地也能雕琢出美味佳肴,古人的生存智慧值得世代相守。\n看来文博这条赛道,硬是被这些“技术流”美食家们闯进去了,无论镇馆之宝还是小众文物,都在他们手上化成了“舌尖上的文化盛宴”,这波操作实在是妙啊~\n还想解锁更多有内涵的美食大餐?抖音美食「好好吃饭大赛」正在火热进行中,一起来好好吃顿饭,用美食给心灵充个电吧!\n免责声明：该文章系我网转载，旨在为读者提供更多新闻资讯。所涉内容不构成投资、消费建议，仅供读者参考。'),(663,'来源：中国日报网','2025-05-19 16:40:00','科技赋能传统产业升级 开启传统产业发展新模式','在《中华人民共和国民营经济促进法》政策东风下，宁德九展农业有限公司以科技创新为引擎，将传统油茶产业与中医药智慧深度融合，通过AI技术全链条赋能，构建慢性病防治“食养+”创新模式，为“健康中国”与乡村振兴战略贡献民营经济力量。\n科技赋能：智慧种植链与健康产品矩阵的双向突破\n在福建三明尤溪、宁德及安徽黄山等油茶主产区，九展农业构建“AI+古法”智慧种植体系：部署土壤墒情与气候监测传感器，结合区块链技术实现种植数据全程可追溯，带动超2000户农户建立标准化油茶基地，每亩林地年增收突破3000元。“AI让传统种植告别‘靠天吃饭’，科学管理既提产又保供。”企业负责人表示。\n研发端，九展运用AI分子对接技术解析茶油与枸杞、茯苓等中药的成分协同机制，并创新纳米乳化技术（营养吸收效率提升30%），成功转化出茶油纳米乳化奶、草本功能巧克力等产品。其中，纳米乳化奶成为都市家庭早餐新宠，草本巧克力则融入办公零食场景，以便捷化方式降低健康管理门槛。\n双轮驱动：乡村振兴与健康普惠的民生实践\n通过“公司+合作社+农户”产业共同体模式，九展农业自2020年起（注：可根据实际年份调整）为福建、安徽基地农户提供免费AI种植技术培训，实施定向收购与10%-15%溢价浮动结算政策（具体根据年份、市场行情动态调整）。截至目前，累计创造就业约3900-5000个，助力20余个脱贫村形成特色产业集群。“一片油茶林，既是生态屏障，更是富民密码。”安徽黄山合作农户感慨道。\n在健康普惠领域，企业推出“银发群体健康关爱计划”，以成本价向中老年群体供应功能食品，并联合社区试点“饮食干预+智能监测”慢性病早期管理模式。数据显示，试点社区高血脂人群通过3个月茶油膳食调节，健康指标改善率达78.9%，显著验证了“食养+”方案的有效性。\n政策护航：产学研协同激活创新动能\n“《中华人民共和国民营经济促进法》为科技创新松绑，让传统产业焕发新生。”九展研发负责人介绍，企业已与中国医科院药用植物研究所、江南大学、中国海洋大学等多所科研院校共建联合实验室，聚焦油茶与中药在护肤品、功能性食品等领域的智能化应用研发。\n从AI赋能的智慧山林到都市家庭的健康餐桌，九展以“科技为核、民生为纲”的创新路径，为传统产业现代化、慢性病防治与绿色经济发展提供可复制的民企样本，彰显新时代民营经济的责任担当与创新活力。（图片由宁德九展提供）'),(664,'来源：中国日报网','2025-05-18 20:55:00','辛选助力俄罗斯红场直播电商节 杨润心带货1亿俄罗斯优品','5月17日，俄罗斯“红场直播电商节”在莫斯科成功举办。辛选集团主播杨润心（网名蛋蛋）于俄罗斯红场开播，助力价值1亿元人民币的俄罗斯特产飞往中国，让世界见证了中国直播电商的力量。​\n本次直播活动由俄罗斯联邦工业和贸易部主办，俄罗斯会展基金会承办，俄罗斯出口中心、莫斯科市政府协办，中国国际贸易促进委员会配合，辛选集团执行，旨在向中国消费者推介原产自俄罗斯的商品，增强民心相通，推动中俄跨境电商合作。俄罗斯联邦副总理切尔尼申科、中国驻俄罗斯联邦特命全权大使张汉晖、中国贸促会副会长李庆霜、辛选主播杨润心等两国政府和工商界代表出席启动仪式。\n杨润心在发言中表示，中俄两国有着非常深厚的传统友谊，中国的电商事业取得了显著成就，作为大国青年和直播电商行业代表，“希望通过直播让世界看到中国直播电商的力量，看到中国年轻人的力量。”\n中午12点，直播准时拉开帷幕。俄罗斯蜂蜜、紫皮糖、提拉米苏等特色商品一经上架，便引发抢购热潮。尤其是一款椴树蜜成为当之无愧的爆款，几分钟爆卖10万罐；一款双山牌提拉米苏也被抢购近10万单。整场直播百余款俄罗斯商品基本被抢购一空，充分展现了中国消费者对俄罗斯商品的喜爱。\n辛选运营负责人表示，本次活动共严选了俄罗斯70多个品牌、100多款产品，大部分为俄罗斯国民品牌，不少是在全球享有盛名的产品，包括套娃伏特加、波罗的海啤酒、阿加菲娅奶奶洗发水、马克发面粉、胜利牌巧克力、俄罗斯帝王蟹等；此外，还有蜂蜜、向日葵油、蓝莓酱、沙棘汁等正宗俄罗斯土特产。真正做到让中国老百姓以实惠的价格享有俄罗斯产品自由。\n值得一提的是，在直播过程中，俄罗斯联邦副总理切尔尼申科、中国驻俄罗斯联邦特命全权大使张汉晖、中国贸促会副会长李庆霜、俄罗斯会展基金会第一副主席伊戈尔·帕夫洛夫等纷纷走入直播间，与主播蛋蛋和中国用户亲切互动。其中，切尔尼申科副总理为蛋蛋送上感谢信；伊戈尔·帕夫洛夫副主席授予蛋蛋“俄罗斯商品在华推广大使”荣誉证书。\n辛选集团创始人辛有志（网名辛巴）也惊喜连线蛋蛋。他表示，辛选将全力支持中俄贸易文化合作交流，不仅会持续挖掘优质俄罗斯好商品，引入中国市场，还将充分发挥辛选集团的优势，助力解决好跨境物流、服务等关键问题，为双方贸易合作的长期稳定发展保驾护航。​\n蛋蛋接受了中俄两国媒体的采访，她表示：“直播带货作为中俄贸易新业态，给中俄传统友谊赋予了新活力。通过直播带货，俄罗斯特色产品得以直接走进中国普通家庭，两国人民能通过屏幕直接交流互动，加深相互理解和认同，让传统友谊在民间扎根更深。”​\n据了解，成立于2017年的辛选集团，是一家以供应链为核心的数字新零售企业。辛选打造了联动全球品牌、工厂和产业带的C2M新零售数字供应链体系，构建了多个业务板块。2023年，辛选在泰国开启“辛选国际出海计划”，带货总销售额破8.3亿元，仅榴莲就售出超160万颗；今年3月，辛选开启韩国站直播，总带货销售额超10亿元。\n（中国日报北京记者站 杜娟）'),(665,'来源：石榴云新疆日报原创','2025-05-17 14:38:00','发光发热的青春丨从零开始的课堂——谢依特小学戍边支教西部计划志愿者服务队的故事③','“我心里一点底儿都没有，他们刚大学毕业，自己还都是娃娃。”\n“能看出来，金书记不相信我们，但他很有涵养，表现得不那么明显。”\n这就是谢依特小学党支部书记金文斌第一次与准备全面接手学校教学工作的西部计划志愿者见面时双方的真实想法。\n虽然，三年后的今天，刚出大学校门的娃娃们证明了自己，带出了谢依特小学一众好娃娃。但谈起最初那几个月，“忐忑不安”依然是大家最清晰的记忆。\n谢依特小学戍边支教西部计划志愿者服务队合照。谢依特小学供图\n提心吊胆前半学期\n“最初忐忑的那几个月和如今学校、学生变化的对比，让我们感慨万千，才提笔给总书记写了信。”志愿者王艺枝说。\n2022年8月，谢依特小学因为学生基础薄弱、教师教学水平有限，成了提升克孜勒苏柯尔克孜自治州村级小学成绩的“老大难”。一次次讨论中，产生了一个大胆的想法——让西部计划志愿者试试看。\n这个想法一出，立即炸了锅。\n“不行不行，太年轻！”\n“大学刚毕业，憋着一股劲儿没处使，说不定能带来新活力。”\n……\n最终，20多名来自全国各地的西部计划志愿者来到这里，“承包”了整个学校教学任务。\n他们清楚知道当地这样做的用意，知道有人支持、也有人强烈反对，每个人都一腔热血，想要证明自己。大家认真备课，相互试讲，梳理知识点……直到与教学有关的内容烂熟于心。\n在“包校支教”前，谢依特小学在阿图什市村级小学中综合成绩排名倒数第二，当务之急是提高成绩。\n然而，挑战却不是从教授知识开始。\n坚持下来回头看，并没那么难\n初次执教，对志愿者来说充满挑战。黄少竹给一年级上的第一节数学课堪称“灾难现场”。她前一晚紧张到失眠，精心准备，结果一上讲台就被学生的“起立”吓蒙了，甚至跟着学生喊了“老师好”。\n不到10分钟，课堂纪律便逐渐瓦解：孩子们小声说话、扔橡皮、发呆、钻桌子……准备的知识点只讲了四分之一。\n课后，她默默地流下了眼泪，怀疑自己能否胜任这个岗位，跟其他志愿者交流后，发现大家的第一节课都是状况百出。\n“没想到有一天，我也成了趴在后窗上的老师。”黄少竹笑着说。那段时间，她常常站在教室后窗外，偷偷看其他老师如何上课，如何设置问题，如何在吵闹中稳住课堂节奏。有一次，老队员正在讲“乘法的意义”，她注意到对方并不急着讲知识点，而是先提问：“你们去超市买3袋糖，每袋有4颗，一共几颗？”孩子们纷纷举手抢答。\n“一年前我还是个学生，现在却要成为孩子们的引路人。刚开始觉得千难万难，但坚持下来回头看，并没那么难。”黄少竹说。\n从“不想学”到“我要学”\n谢依特小学校长木拉地力·艾山吐尔说，这里的学生大多来自牧民和护边员家庭，很多家长常常十天半月不在家，孩子的教育几乎无法顾及。\n六年级学生阿斯坦别克·依维西的父母常年外出放牧，他放学后不是干活就是独处。作业靠抄，成绩徘徊在10分上下，每次被提问，他就说：“我学不来。”\n志愿者教师王鹏飞注意到他，是从清晨开始的：阿斯坦别克每天第一个进教室，只为赶在上课前抄完作业。王鹏飞决定改变方法，不批评，而是陪伴。“今天你先写一半，剩下的我们一起想办法。”这句温和的话，让阿斯坦别克放下对他的防备。\n刚开始，阿斯坦别克仍频繁找借口：“肚子疼”“太困”……但王鹏飞总是轻声回应：“那你先写3道题，写完喝点水。”慢慢地，这个学生发现写作业并没那么可怕，甚至能从中获得一点成就感。\n一次课间，阿斯坦别克在操场发呆。王鹏飞问他：“一个足球20块钱，一个教室两个，5个教室多少钱？”阿斯坦别克想了会儿，小声答：“200。”“对啊！你脑子反应挺快的。”阿斯坦别克愣住了，脸上浮现出羞涩的笑容。\n他意识到，在学习中自己并非一无是处。他不再总说“不会”，开始说“我再试试。”\n一次测验，阿斯坦别克考了40分，相对于平时个位数的成绩大大提高。他把成绩单藏进抽屉，悄悄看了又看。\n从那以后，他会主动问：“老师，明天讲什么？”放学后还留下来改错。有一天，他跑来问王鹏飞：“疆内初中班考试我能参加吗？我努力，有希望吗？”\n王鹏飞看到了他改变的决心，那个曾在角落沉默的少年，眼里有了光。\n用成绩赢得信任\n教学工作逐渐步入正轨，志愿者们又遇到了新的挑战——与家长沟通的难题。\n语言不通、代沟明显，一度让他们犯难。志愿者平李棋刚来时，就为如何面对家长焦虑不已，但她坚信，成绩抓上去，随后的一些问题会迎刃而解。\n她利用课后时间为后进生“开小灶”，根据不同孩子的基础耐心辅导。一次单元测验后，平李棋发现一个平时总考不及格的男孩比上次进步了整整20分。放学后，她悄悄拿出一块牛奶巧克力塞进男孩手里。\n男孩小心翼翼地接过，攥得紧紧的。第二天早上，男孩走进教室，小声对平李棋说：“巧克力真甜。”那一刻，她知道，这份甜，是努力被看到、被认可的滋味。\n老师的努力，家长都看在眼里。老师吃住在学校，随时出现在学生身边，会自掏腰包为学生购买各种学习生活用品；遇到问题，向任何一位老师求助，都会得到帮助。\n平李棋说：“我们够专业，家长就会认可。”\n近三年来，谢依特小学累计招募志愿者54人，服务300余名学生。学校综合成绩从倒数第二跃升为村级小学前列，及格率从12.8%提升到96%，5名学生考入疆内初中班。\n学校领导班子组织志愿者们听课、备课，安排教学指导；规范教学制度，建立月考核机制与奖励制度；与村“两委”联动，完善家访机制，将家校共育纳入村规民约。\n“对于我们而言，这是一场困境中的突围。”曾经充满怀疑的金文斌，现在骄傲地说，“我相信他们能教好这群娃娃。”\n相关阅读：\n发光发热的青春丨“我去巡边了，孩子就交给你们了”——谢依特小学戍边支教西部计划志愿者服务队的故事①\n发光发热的青春丨“我们在这里收获了太多感动”——谢依特小学戍边支教西部计划志愿者服务队的故事②'),(666,'来源：鲁网','2025-05-16 14:54:00','“花开四季”五城齐宣 2025乌兰图雅全国巡演火热开启','乌兰图雅的 “花开四季” 演唱会宛如一场盛大的音乐狂欢,深深烙印在观众心底。在歌迷的期待中,这场享誉海内外的演唱会将于7月19日在北京启幕,开启2025年巡演模式,陆续登陆广西南宁、四川成都、魔都上海、辽宁沈阳等城市,从蝉鸣盛夏唱到金桂知秋,以音乐为媒,带观众感受这场跨越四季的音乐旅程,不仅呈现草原音乐的心灵治愈,更串联起音乐、情感与城市的多元共鸣。\n你是否曾想过,用一种特别的方式向家人、爱人、朋友传递心底的温暖?今年夏天和秋日,乌兰图雅“花开四季”演唱会门票,正在成为无数人眼中的“情感礼物”——一张薄薄的票根,承载着草原的辽阔、音乐的共鸣,更藏着你说不出口的深情。\n乌兰图雅的演唱会现场,总能看到“银发老人相携入场”“年轻夫妻带着孩童”或是“甜蜜情侣牵手而来”的温馨画面。\n众所周知,乌兰图雅的歌曲从耄耋老人到可爱孩童都特别受欢迎,她的作品始终精准踩中不同年龄层的情感脉络,所以演唱会常常出现“全家总动员”的画面也就不足为奇。\n如果你还没有带父母听过一场演唱会,那乌兰图雅“花开四季”演唱会一定不容错过,带着父母重温青春的时光机,还记得他们提起“草原”时眼中闪烁的光吗?乌兰图雅的音乐里,藏着他们的青春记忆:《草原上升起不落的太阳》是他们年轻时的“流行金曲”,《套马杆》的旋律里有他们对自由的向往。送一张演唱会门票,带他们重返热血年代——当马头琴响起,当他们跟着旋律轻声哼唱,你会看见他们眼中倒映的,不仅是舞台的灯光,更是被岁月温柔唤醒的青春岁月。\n比起千篇一律的鲜花巧克力,带TA去听一场沉浸式草原音乐会,或许更能打动彼此的心。乌兰图雅的歌声里,有《草原情哥哥》,也有《阿尔山的姑娘》。当舞台灯光化作草原星空,当你们在《火辣辣的情歌》中感受爱意,音乐将成为你们爱的“独家记忆”,让“花开四季”的回忆,比奶茶更甜,比花朵更香。\n“因一场演唱会,奔赴一座城。”\n这个夏天或是秋日,赴乌兰图雅“花开四季”演唱会之约,打卡北京的胡同咖啡馆、南宁的中山路夜市、成都的太古里、上海的武康路……让音乐与美食美景交融。\n从草原到都市,从单曲循环到现场共鸣,乌兰图雅的“花开四季”巡演不仅是一场音乐演出,更是一次跨越时空的文化对话。当马头琴与城市霓虹共振,当长调与方言合唱交织,这场从夏到秋的音乐之旅,或将重新定义民族流行音乐在当代的打开方式——它是疗愈心灵的自然之声,是连接代际的情感之桥,更是丈量中国的浪漫之路。\n乌兰图雅的巡演不是简单的“演出+旅游”,而是用音乐为城市注入新的文化叙事。当你为一场演唱会奔赴一座城后,会忽然明白:最好的旅行,从来不是地理空间的转移,而是用热爱解锁看世界的新视角——而乌兰图雅的歌声,正是这趟浪漫之旅的最佳向导。\n相约音乐之旅,热爱生活的你怎能错过?\n快来一起,在乌兰图雅的歌声里,奔赴一场浪漫之约吧!\n免责声明：该文章系我网转载，旨在为读者提供更多新闻资讯。所涉内容不构成投资、消费建议，仅供读者参考。'),(667,'来源：央视网','2025-05-16 09:57:00','首发经济持续激发消费新活力','央视网消息（新闻联播）：今年以来，各地因地制宜推进首发经济，持续激发消费新活力。\n今年，上海升级推出多项举措支持首发经济，首次推出了试点首发进口消费品检验便利化措施，对首发、首秀、首展、首店等进口商品推行差异化检验模式，提升通关效率。今年1至4月，上海新增首店301家，其中高能级首店合计占比15.95%。\n优化服务，为首发经济营造良好发展环境。南京出台15条举措，通过实施奖补政策，优化营商环境，吸引更多优质企业入驻，大力支持首店矩阵扩容。\n今年，北京依托优质的商业供给、文创产业园区和展会场馆等特色资源，培育建设一批首发中心，支持品牌首店、首发活动落地发展。今年以来，北京新增落地各类首店近300家。\n做强做优首发经济，挖掘消费潜力。今年，沈阳以首店经济为引擎推动城市商圈升级，进驻商场及街区的首店涵盖了零售、餐饮、生活方式等多个领域。在成都，累计落户海内外首店超4000家，今年以来，当地累计开展各类首发首展首秀50多场次，涉及零售、汽车、主题艺术等多个领域。在西安曲江新区，商贸首店经济占到了全市的四分之一。当地还利用区内文旅产业优势开发出了VR《兵马俑奇妙夜》、巧克力博物馆等消费体验新场景，不断丰富文旅消费市场。今年，厦门围绕互动体验加快打造一批消费新场景，市民游客置身其中，沉浸式感受80多种非遗的独特魅力。'),(668,'来源：中国日报网','2025-05-15 15:01:00','太仓高新区举办五月“项目突破日”暨提振消费专项活动','5月14日，太仓高新区举办五月“项目突破日”暨提振消费专项活动，聚焦食品饮料、文旅融合等领域，本次活动既是太仓高新区落实中央经济工作会议“大力提振消费、全方位扩大国内需求”部署的生动实践，也是推动新型工业化与消费升级协同发展的关键举措。\n活动当天，佳格集团智能制造及供应链项目正式启动。项目计划总投资7000万美元，项目占地34.4亩，建筑面积3.4万平方米，新建自动仓库及辅助用房，主要打造高端食用油的智能数字化供应链。项目达产后，新增产值超8亿元，新增税收超3500万元。\n现场，沃投实业新建巧克力研发和智能化生产项目厂房投用，元气森林饮料项目正式投产，鼎益丰高端食品项目同步开业。\n沃投实业巧克力项目总投资5亿元，将设立研发总部及实验中心，规划建设巧克力自动化生产车间、冷冻面团车间及益生菌分装车间，打造国际领先的智能化生产工厂。\n元气森林饮料项目计划总投资20亿元，项目占地120亩，建筑面积近7万平方米，拟建设全球零碳排放工厂及工业旅游工厂。\n鼎益丰高端食品项目投资5亿元，建设内容包括面包城堡及生产车间，集面包销售、烘焙知识科普和DIY体验于一体。\n当天，太仓海运堤罗腾堡风情街盲盒酒店开业，该酒店以“盲盒”为概念，将15间主题房间打造为15种截然不同的生活方式体验，这种“一房一世界”的创意设计，不仅精准契合了当下消费者对“个性化、沉浸式体验”的追求，更以“未知惊喜”为纽带，为游客打开了一扇探索太仓的新窗口。\n为进一步推动全域旅游发展，塑造城市形象。太仓高新区国资公司与携程集团签订合作协议，结合文化、田园、德式等元素，构建“工业+旅游”新形态，打造太仓旅游“专属窗口”，进一步促进各景点融合串联、相互引流，提升文旅产品的独特性、竞争力，推动太仓全域旅游再上新台阶，助力打造长三角德式风情旅游目的地，实现“口碑引流”与“服务留人”双赢。\n近年来，太仓高新区积极培育高端美食文化产业，在新质生产力的加持下，太仓高新区美食文化产业正孕育一场“舌尖上的革新”。目前高新区积聚了和路雪、佳格食品、全味食品等一批食品产业集群，涉及饮料、面点、油类、巧克力、冷饮等多样领域，整个食品产业年营收超100亿元，加之文旅元素的融合，使太仓高新区的美食文化产业自带“网红”属性。\n此外，太仓高新区整合现有工业旅游资源，拓展工业旅游版图，规划建设集“参观游览、研学实践、亲子体验、特色购物、定制服务”五大体验于一体的高新区工业旅游综合体验中心。打造元气森林、沃投巧克力工厂、和路雪冰激凌、莱卡尔烘焙工厂店、全味食品工厂、王大螃蟹等一系列工业游文旅项目。与携程旅游开展深度合作，聚焦环沪地区周末游需求，搭建“两天一日游”专栏，定制“德式风情”“工业研学”等10条特色主题线路，构建“工业+旅游”新形态。\n（中国日报江苏记者站 苍微）'),(669,'来源：东方网','2025-05-14 14:07:00','蟹状元安康福粽：端午臻礼，粽情礼盒，品味与心意兼具！','随着端午节的临近，一种传统而又充满温情的节日氛围弥漫在空气中。在这个特别的时节里，人们不仅享受着家庭团聚的快乐，还会互赠礼物以表达祝福和思念之情。而今年，蟹状元推出的“安康福粽”礼盒无疑是您传递美好祝愿的不错选择。\n传承经典，创新口味\n蟹状元深知粽子作为端午节不可或缺的传统美食，其背后蕴含的文化意义和情感价值。因此，在制作安康福粽时，既保留了传统的精髓，又勇于创新。精选来自各地的新鲜食材，通过精心搭配，推出了多款令人垂涎欲滴的口味组合，包括经典的咸肉粽、豆沙粽以及创新的海鲜粽等，满足不同消费者的味蕾需求。\n匠心独运，品质保证\n每一颗安康福粽都是蟹状元团队匠心独运的结晶。从选材到包裹，再到最后的蒸煮，每一个环节都严格把关，确保粽子的口感和品质达到佳状。采用传统的手工包裹方式，既保留了粽子原有的风味，又赋予每一份礼盒独特的手工温度。\n精美包装，馈赠佳品\n安康福粽礼盒不仅在内容物上讲究，其外观设计同样令人眼前一亮。结合端午节特有的文化元素，如龙舟、艾叶等，并融入现代简约风格，打造出既有文化底蕴又不失时尚感的包装设计。无论是送亲访友还是商务往来，这样的礼盒都能让对方感受到您的用心与诚意。\n健康理念，贴心关怀\n蟹状元始终将健康放在首位，在保证美味的同时，注重营养均衡。安康福粽采用低油少盐的配方，选用天然健康的食材，力求为消费者提供既美味又健康的食品选择。让您在享受美味的同时，也能照顾到家人的健康。\n在这个端午节，选择蟹状元安康福粽礼盒，就是选择了对家人和朋友真挚的祝福。它不仅仅是一份礼物，更是传递关爱与温暖的桥梁。让我们一起用这份满载心意的安康福粽，共度一个温馨而美好的端午佳节吧！\n蟹状元安康福粽4种套餐：\n199型礼盒：金丝蜜枣粽×2、红袍豆沙粽、阿胶芝麻软心粽、血糯紫薯奶酪粽、蜜枣红豆粽、经典肉粽×2、梅干菜肉粽×2；\n398型礼盒：金丝蜜枣粽×2、白桃茉莉粽×2、红袍豆沙粽×2、巧克力软心粽×2、经典肉粽×2、上汤蟹黄藜麦粽×2、海鸭咸蛋×2、咸鸭蛋×4；\n598型礼盒：金丝蜜枣粽×2、白桃茉莉粽×2、巧克力软心粽×2、紫米芋泥奶酪粽×2、阿胶芝麻软心粽×2、经典肉粽、上汤酸辣鸡枞菌牛肉粽、上汤蟹黄藜麦粽、上汤蟹肉黑松露粽、双黄咸鸭蛋×2、海鸭咸蛋×4、咸鸭蛋×6；\n768型礼盒：金丝蜜枣粽、白桃茉莉粽×2、红袍豆沙粽、巧克力软心粽×2、紫米芋泥奶酪粽、蜜枣红豆粽、血糯紫薯奶酪粽、阿胶芝麻软心粽、经典肉粽、上汤酸辣鸡枞菌牛肉粽、上汤蟹肉黑松露粽、上汤蟹黄藜麦粽、酱香蟹黄大肉粽、蟹肉蛋黄五花肉粽、双黄咸鸭蛋×4、海鸭咸蛋×6、咸鸭蛋×10。\n免责声明：该文章系我网转载，旨在为读者提供更多新闻资讯。所涉内容不构成投资、消费建议，仅供读者参考。'),(670,'来源：四川在线','2025-06-20 22:40:00','铭记历史 缅怀先烈丨一封感人至深的家书','英烈名片\n赵一曼(1905—1936)，原名李坤泰，四川宜宾人。中国共产党党员，抗日民族英雄，1935年任东北抗日联军第3军1师2团政委，1936年8月英勇就义，年仅31岁。\n“宁儿啊!……我最亲爱的孩子啊！母亲不用千言万语来教育你，就用实行来教育你。在你长大成人之后，希望不要忘记你的母亲是为国而牺牲的！”\n这是1936年8月2日，赵一曼在开往刑场的火车上，写给7岁儿子的绝笔家书。\n6月17日，在位于宜宾市翠屏山麓的赵一曼纪念馆第四展厅里，通过声光电的还原，当温柔而坚定的女声朗诵出这封家书时，参观者无不为之动容。\n1926年2月，赵一曼考入宜宾女子中学，同年夏加入中国共产党，担任宜宾妇联和学联党团书记。1927年初，赵一曼考入黄埔军校武汉分校，成为第一批女学员。同年9月，赴莫斯科中山大学学习。1928年11月，怀有身孕的她奉命回国，在宜昌、南昌、上海等地秘密开展党的工作，其间早产生下儿子，取名“宁儿”。\n为了更好地开展革命工作，赵一曼将宁儿送到亲戚家抚养。临别前，赵一曼抱着一岁零三个月的宁儿，在照相馆拍下了母子二人的唯一 一张合影。\n1931年，“九一八”事变爆发，赵一曼主动请缨，奔赴东北抗日救亡前线。1935年9月，赵一曼任东北抗日联军第3军1师2团政委。在一次作战中，赵一曼不幸受伤被俘，从被捕到走上刑场，长达9个月的时间里，赵一曼受尽酷刑始终坚贞不屈。\n1936年8月，赵一曼在英勇就义前，给儿子留下了这封寥寥数语、字字泣血的家书，也是母亲赵一曼留给孩子的最后念想……\n今天的宜宾，有许多以“一曼”二字命名的地标，一曼路、一曼公园、一曼中学、一曼村……家乡人民以此直接而深情的方式，缅怀赵一曼的传奇人生，纪念那段铭刻于心的历史。赵一曼纪念馆馆长廖永红介绍，自1987年开始，宜宾市每年都要举办活动纪念赵一曼烈士，弘扬烈士光荣传统，赓续先辈红色血脉。'),(671,'来源：新华社','2025-06-20 21:16:00','铭记历史 缅怀先烈｜赵一曼：舍家卫国的巾帼英雄','新华社成都6月20日电 题：赵一曼：舍家卫国的巾帼英雄\n新华社记者谢佼、杨思琪、姜思妮\n初夏时节，记者来到成都市金牛区一处普通民居，这是赵一曼烈士孙女陈红的家。她珍藏着一幅根据照片绘制的油画，画中赵一曼怀抱儿子“宁儿”，神情坚毅。\n“拍摄照片后她就离开了，我父亲再也没见到他的妈妈。”陈红触摸着画面，将时空拉回到那生离死别的瞬间。\n赵一曼，本名李坤泰，1905年出生于四川宜宾。大姐夫郑佑之烈士，为中国共产党川南党组织的创建人，二姐李坤杰、二姐夫萧简青、四姐李坤能是中国共产主义青年团员。在他们的引路下，李坤泰1926年夏加入中国共产党，后在武汉中央军事政治学校（黄埔军校武汉分校）、莫斯科中山大学学习。\n在莫斯科，她化名李一超，与同学陈达邦相爱结婚。甜蜜还来不及品味，怀着身孕的她奉命回国，在湖北、上海、江西等地从事地下工作。1929年，她在宜昌生下儿子。孩子仅一岁多，她和姑妹陈琮英就将儿子寄养在五哥陈岳云家，义无反顾地全身心投入革命。\n分开前，她抱着儿子照了一张合影，寄给了丈夫。谁料，竟成永别！\n九一八事变后，她化名“赵一曼”，受党组织派遣奔赴东北，在沈阳、哈尔滨领导抗日斗争。先后任满洲总工会秘书、组织部部长和哈尔滨总工会代理书记。\n《东北抗日联军史》记载，1933年4月，面对日伪军警横行、工人备受欺凌的现状，赵一曼连夜指导哈尔滨电车工人大罢工，将城市交通脉搏骤然掐断。最终，日伪统治当局迫于社会舆论压力，答应工人复工条件，罢工取得全面胜利。\n1934年7月，赵一曼前往珠河县（今尚志市），担任中共珠河中心县委委员，后出任东北人民革命军第三军一师二团政委。她以非凡的智慧与勇气，成为日伪报纸上赫赫有名的“双枪白马”女政委，日寇目标中将她与赵尚志并列。\n1935年11月，为掩护部队突围，赵一曼在珠河县小西北沟与日伪军激战中身负重伤，不幸落入敌手。\n在伪满哈尔滨警察厅（今东北烈士纪念馆）那间阴冷的刑讯室里，敌人用尽惨绝人寰的酷刑——钢针刺伤、烙铁灼肤、辣椒水灌鼻……面对非人的折磨，赵一曼的意志如钢铁般不屈：“你们可以让村庄变成瓦砾，把人剁成肉泥，但消灭不了我的信仰！”\n在哈尔滨治疗期间，她强忍骨碎化脓的剧痛，断然拒绝截肢——她坚信保住腿，就有重返战场的希望。在她的感化下，看守董宪勋与护士韩勇义助她逃离魔窟。然而三天后，敌人再度追至，赵一曼重陷囹圄。\n1936年8月2日，年仅31岁的赵一曼在珠河英勇就义。赴刑场的列车上，她向押送人员要来纸笔，用被敌人折磨得几乎难以握笔的手，给远方的儿子写下字字泣血的绝笔：\n“母亲对于你没有能尽到教育的责任，实在是遗憾的事情……母亲不用千言万语来教育你，就用实行来教育你。在你长大成人之后，希望不要忘记你的母亲是为国而牺牲的！”\n陈红带着哽咽诵读，这是她的父亲——“宁儿”陈掖贤在东北烈士纪念馆亲笔抄录，作为传家之宝。那不忍卒读的字迹，蕴含着何等巨大的情感！\n革命胜利后，李坤杰、陈达邦、陈琮英和陈掖贤几经寻找，党组织终于确认赵一曼就是李坤泰。陈掖贤在东北烈士纪念馆抄录母亲遗书时，在手臂上用钢笔深深刺下“赵一曼”三个字。“父亲告诉我，要将奶奶在信中传达的爱国情怀与赤子之心作为家风，永远地传承下去。”陈红说。\n在哈尔滨，2375米的“一曼街”刻入城市肌理；在宜宾，一曼公园、一曼村、一曼大道、一曼中学成为追怀之地；四川省退役军人事务系统、金牛区纪委监委等邀请陈红作为宣讲老师，走进社会和课堂……中华大地上，赵一曼的精神将永远被人们铭记传颂！（完）'),(672,'来源：周口网','2025-06-20 16:08:00','书写健康中国的“少年答卷”，中国人寿寿险天津市分公司助力NYBO西青赛区青少年篮球公开赛','6月14日，2024-2025赛季中国人寿·NYBO青少年篮球公开赛天津西青赛区正式开赛。作为自2017年赛事创办起便深度参与的创始合作伙伴，中国人寿寿险天津市分公司以“金融+体育”的创新融合模式，再次为青少年篮球事业注入守护力量。现场，中国人寿寿险吉祥物“牛犇犇”与小球员们共同点燃赛场激情，让篮球运动成为连接健康成长与梦想启航的桥梁。\n体育强则国家强，少年强则中国强。中国人寿连续八年护航NYBO，正是对“健康中国”战略的生动践行。从全国超300个赛区的赛事保障到青少年体育素养提升，公司正通过保险保障与公益服务的双轮驱动，构建青少年成长的“防护网”。\n比赛当日，中国人寿寿险吉祥物“牛犇犇”成为赛场焦点——它不仅与小球员们进行投篮热身互动，还在球员通道为每一位登场选手加油助威。在馆内专属展区，公司通过品牌文化墙展示公司企业文化精神，工作人员向家长及小球员发放磁吸贴、笔记本、颈枕等吉祥物周边物料超200份，将保险保障理念以年轻化方式传递。\n“这个颈枕上的篮球图案太酷了！”一位小球员展示着刚领到的纪念品。与此同时，金融知识宣讲区同步开启，工作人员以“风险防范小课堂”形式，向家长普及少儿保险配置、反诈骗等实用知识，将“守护”理念从赛场延伸至家庭风险保障场景。\n从周末赛场的青涩对抗到总决赛数千人同场竞技的盛大场景，越来越多青少年在NYBO找到了属于自己的舞台。这八年，作为赛事创始合作伙伴，中国人寿始终守护青少年对篮球事业的热爱。“我们不仅是赛事的赞助商，更是青少年成长的守护者。”公司相关负责人表示，将秉持“一个国寿，一生守护”的理念，通过“保险服务+体育IP”的创新结合，让金融服务更精准触达青少年健康成长的各个环节，为体育强国梦筑牢“塔基”。\n当终场哨声响起，牛犇犇与小球员们的合影定格下夏日里最富活力的画面。从天津西青赛区到全国赛场，中国人寿正以金融央企的责任担当，让每一次投篮都承载着对未来的期许，让体育精神在保险保障的守护下，成为青少年成长路上最坚实的力量。（图文/由主办方提供）\n免责声明：该文章系我网转载，旨在为读者提供更多新闻资讯。所涉内容不构成投资、消费建议，仅供读者参考。'),(673,'来源：鲁网','2025-06-19 15:19:00','消防培训强意识 应急演练筑安堤——太湖县烟草专卖局（营销部）开展消防培训暨应急逃生演练','浓烟翻滚，刺耳的警报声骤然撕裂午后的宁静。在太湖县烟草专卖局（营销部）（以下简称太湖烟草）院内，一座临时搭建的“逃生屋”被刺鼻的模拟烟雾充斥，橘红色消防服的身影在指挥下迅速集结，弯腰、捂鼻、沿墙疾行……这不是真实火场，却足以让参与演练的每一位员工心跳加速。这场逼真度极高的应急疏散演练，正是太湖烟草为扎实推进“安全生产月”活动，切实提升全员消防安全意识与应急处置能力，筑牢企业安全生产防线而精心组织的消防安全知识培训暨实战演练的核心环节。\n警钟长鸣：思想是安全的“第一道闸门”\n“每一次触目惊心的火灾背后，往往都隐藏着日常管理的疏忽、安全链条的断裂和对规程的漠视。”培训伊始，特邀的专业防火中心教官以沉凝的语气直指核心。电子屏幕上，近年来一系列重大火灾事故的影像资料轮番播放：违规动火作业引爆仓库、电动车入户充电酿成惨剧、消防通道堵塞贻误生机、消防设施失效小火酿大祸......这些并非遥不可及的新闻，而是用鲜血和巨大损失写就的残酷教材，每一个画面都重重敲击着在场员工的心弦。\n理论讲解环环相扣，深入浅出。从火灾发生的“三要素”（可燃物、助燃物、点火源）科学原理，到办公区、宿舍、员工食堂乃至家庭环境中极易被忽视的火灾隐患（如超负荷用电、线路老化、杂物堵塞安全出口、易燃物随意堆放），再到针对不同起火源（固体、液体、气体、电气）应选用的灭火器材和扑救初期火灾的科学方法。参训员工们全神贯注，笔尖在笔记本上快速记录，手机镜头不时对准关键知识点。客户经理小夏在课后深有感触：“这些案例太震撼了，看得人脊背发凉。以前总觉得火灾离我们很远，现在才深刻认识到，一个未熄灭的烟头、一段老化的电线、一次违规的操作，可能就是灾难的起点。脑子里那根安全的弦，必须时刻绷紧，容不得半点松懈！”\n实战淬火：从“知道”到“做到”的惊心跨越\n“纸上得来终觉浅，绝知此事要躬行。”深刻的理论学习之后，培训的重头戏在于将知识转化为火场求生的真实本领和直面“烈焰”的实战勇气。\n临时搭建的充气“逃生屋”内部结构复杂曲折，模拟了真实火场中迷宫般的环境。仅有的微弱应急光源在弥漫的浓密模拟烟雾中几乎失效。在教官的严密监护和指导下，员工们分组进入。瞬间被“浓烟”包围，能见度骤降至不足半米，刺鼻的气味令人本能地感到窒息和恐慌。\n“保持镇定！压低身体！湿毛巾捂紧口鼻！右手扶墙，沿右侧墙壁有序撤离！”教官的指令穿透弥漫的烟雾，清晰而坚定。\n员工们迅速反应，严格遵循火场逃生黄金法则：将身体重心压到最低，几乎贴近地面（烟雾向上扩散，下方空气相对较好）；用发放的湿毛巾紧紧捂住口鼻，尽可能过滤烟雾；一手始终扶住墙壁，在完全丧失方向感的黑暗与呛人环境中，依靠触觉摸索前行。当办公室的小何成功“突围”后，她大口呼吸着新鲜空气，心有余悸地说：“里面一片漆黑，浓烟呛得睁不开眼，方向感完全丧失，只能靠手摸着墙壁一点点挪动。真正体验过那种恐慌和无助，才明白平时培训里强调的‘弯腰低姿、湿巾捂鼻、扶墙撤离’绝不是空洞的口号，而是关键时刻能救命的金科玉律！”\n固本强基：将“安全月”融入日常经纬\n“安全生产月绝非一阵风式的活动，其核心生命力在于将‘安全第一、预防为主、综合治理’的理念，通过持续的警醒、扎实的行动和长效的机制，深植于行业运行的每一根毛细血管，成为全体员工的自觉意识和本能反应。”太湖烟草分管安全负责人在活动总结时掷地有声地强调。\n此次消防培训演练，正是太湖烟草深入贯彻落实行业安全生产各项要求、压实压紧安全生产主体责任的一个生动实践和有力注脚。太湖烟草分管安全负责人指出，安全是企业高质量发展的生命线，消防安全更是这条生命线上的重中之重，容不得丝毫闪失。要求全局上下以此次活动为新的起点，将安全要求内化于心、外化于行。\n演练的硝烟已然散去，临时搭建的“逃生屋”也被收起。然而，安全的考验永无终场哨音。从触目惊心的案例在灵魂深处敲响的震耳警钟，到浓烟密室中跌撞摸索、依靠本能与知识寻找生路的惊魂时刻，太湖烟草人在这场沉浸式、实战化的消防“大考”中顺利完成。\n消防安全，没有旁观者，人人都是主角。守护行业平安、员工幸福的长城，终将由这些日常点滴的警惕、每一次演练的汗水、对规程的敬畏以及“时时放心不下”的责任感，一砖一瓦，共同铸就。太湖烟草正以实际行动，将“安全生产月”的成果转化为常态长效的安全保障，为行业高质量发展构筑起坚实的安全屏障。（祝武源）\n免责声明：该文章系我网转载，旨在为读者提供更多新闻资讯。所涉内容不构成投资、消费建议，仅供读者参考。'),(674,'来源：周口网','2025-06-19 14:53:00','黄山之巅云端小店：海拔1700米的温暖守望','在安徽黄山光明顶与北海之间，白鹅岭之巅常年云雾缭绕，如流动的丝绸缠绕着嶙峋奇石。海拔1700多米的白鹅山庄旁，一间不足20平方米的小卖部亮着暖黄的灯，在云海苍茫间宛如一盏不灭的星。这里不仅是安徽省海拔最高的卷烟零售店，更是店主汪正午与儿子汪知乐守护了十余载的“云端驿站”。父子二人以坚韧为笔，热忱为墨，在这巍峨山巅，书写着属于自己的不凡故事。\n清晨，当第一缕阳光刺破山间的晨雾，洒在黄山连绵的峰峦之上，汪正午便开启了他忙碌的一天。他如同一位精心雕琢艺术品的匠人，细致入微地打理着小卖部的每一处角落。擦拭货架直至锃亮如新，整理琳琅满目的商品，将卷烟、啤酒、矿泉水摆放得整整齐齐，雨伞、雨披、登山杖等物资也各归其位。这些保障游人旅行的基本物资，于他而言，早已不是简单的商品，而是陪伴他无数日夜的老友。\n每日，小卖部前游客如潮水般来来往往、熙熙攘攘。对汪正午来说，这些游客虽是匆匆过客，但他却珍视每一次与他们交流的机会，用发自内心的周到服务温暖着每一个人。“我们这间小店虽小，可我们的服务不仅代表着我个人，更关乎游客对黄山的印象。我希望，每一位踏上黄山的游客，都能因为我们的服务，留下最美好的‘黄山记忆’。”汪正午眼神坚定，语气中满是热忱。\n每逢旅游旺季，日均数千游客从小店门前经过。面对语言不通的外国游客，汪正午会熟练地打开翻译软件，耐心细致地为他们解释路线，哪怕沟通需要花费更多时间，他也从不嫌麻烦；遇到体力透支、满脸疲惫的登山者，他总是第一时间主动递上温水与巧克力，关切之情溢于言表。留言簿上，一位来自四川的游客动情写道：“暴雨突袭时，那件雨衣和店主的笑容，比云海更难忘！”字里行间，皆是对这份善意的感动与铭记。\n在汪正午父子的经营之路上，黄山市烟草公司的客户经理林伟国，是他们不可或缺的伙伴。无论严寒酷暑，每个月林伟国都会背着装满资料和工具的沉重背包，乘坐索道上山后，再沿着蜿蜒崎岖的山路徒步半小时，只为尽早抵达店铺，为汪正午提供贴心的客户服务。\n一到店里，林伟国便迅速投入工作。他仔细查看货架上的商品陈列，目光如炬，不放过任何一处细节，帮忙调整摆放位置，让商品看起来更加整齐美观、一目了然。同时，他还会根据近期详细的销售数据，结合旅游市场瞬息万变的动态，为汪正午深入分析经营情况，提供极具针对性的建议。“旅游旺季来临前，咱们得提前储备畅销商品；旅游淡季时，推出一些组合优惠活动，准能吸引更多游客。”林伟国总是这样认真地分析着。\n除了业务上的专业指导，林伟国和汪正午更像是相识多年的老朋友。闲暇时，他们会坐下来谈生活中的趣事，分享各自的感悟与心得。这些交流，不仅让汪正午的经营理念不断更新迭代，紧跟市场步伐，也为他在山巅平淡的生活增添了许多绚丽的色彩。在林伟国的帮助下，小卖部的生意愈发红火，在云海之间绽放出别样的光彩。\n如今，这间海拔1700米的云端小店，不再只是一个售卖商品的零售店铺，它成为了黄山旅游文化中温暖的注脚。汪正午父子用坚守与善意，在游客心中种下了对黄山的美好眷恋；而黄山市烟草公司以专业与陪伴，也为旅游经济发展注入源源不断的活力。他们的故事，如同黄山的迎客松，在峭壁之上傲然挺立，诠释着平凡岗位上的非凡坚守。\n未来，这座云端小店还将继续伫立，见证更多温暖故事的发生，为黄山的山水画卷增添更多动人的色彩。（汪昕 刘欣 张雅文）\n免责声明：该文章系我网转载，旨在为读者提供更多新闻资讯。所涉内容不构成投资、消费建议，仅供读者参考。'),(675,'来源：中国日报网','2025-06-19 13:21:00','世界防治荒漠化日：新疆和田：四翅滨藜种出治沙富民新希望','6月17日是第31个世界防治荒漠化与干旱日，新疆和田地区向风沙宣战“绿色答卷”再次获得国家权威机构的高度认可。6月16日，中国治沙暨沙业学会常务副会长兼秘书长杨文斌一行赴和田县，深入考察调研以四翅滨藜为核心的治沙富民产业。这是杨文斌副会长继此前考察后，第二次亲临和田关注该项目的进展，其考察后给予的“高度评价”，彰显了和田在探索防沙治沙与乡村产业振兴协同路径上取得的显著成效。浙江趋衡公益基金会全程参与了此次考察。\n风沙围城下的突围之战\n和田地区位于塔克拉玛干沙漠南缘，是中国荒漠化最严重、生态环境最脆弱的地区之一。肆虐的风沙不仅吞噬良田、草场，威胁交通和居民点安全，更是制约当地经济社会发展和沙漠边缘乡村全面振兴的重要因素。防治荒漠化、改善生态环境、助力群众增收致富，成为和田面临的最紧迫任务之一。\n“四翅滨藜”：点沙成金的“治沙先锋”\n面对严峻挑战，和田地区积极探索科学治沙路径，将目光投向了一种生命力顽强的植物——四翅滨藜。这种原产于北美的灌木，被实践证明是治理和田沙害的“利器”：\n卓越的生态固沙能力：四翅滨藜根系极其发达，能深入地下数米，像一张巨大的网牢牢锁住流沙，有效降低风速，遏制沙丘移动，显著减少风蚀。\n超强的环境适应性：其拥有优异的耐干旱、耐贫瘠、耐盐碱特性，在和田年降水量稀少、蒸发量巨大的严酷环境中依然能够茁壮生长，大大提高了沙地植被覆盖度。\n宝贵的饲用价值：四翅滨藜枝叶富含蛋白质、矿物质和维生素，适口性好，是优质的牲畜饲料（尤其是羊和骆驼）。这为解决当地畜牧业发展面临的饲草料短缺、成本高昂问题提供了有力支撑。\n天然的土壤改良师： 四翅滨藜被誉为“生物脱盐器”，其根系具有很强的固碳作用，能有效改良沙化土壤结构，提升土壤有机质和肥力，为后续发展种植业或进一步生态修复创造有利条件。\n构建“绿富同兴”的和田模式\n和田地区并未将四翅滨藜种植仅仅停留在防沙治沙和生态修复层面，而是创新性地将其打造成连接“治沙”与“富民”的桥梁，形成了可持续的发展模式：\n科学规划，技术支撑：在扎根和田专业推广团队的技术指导和引领下，合理选择种植区域，优化种植和管理技术，确保生态效益和经济效益协调化、最大化。\n政策引导，多元投入：地方政府出台扶持政策，给予项目资金支持；同时，吸引社会力量深度参与，如浙江趋衡公益基金会在技术、苗木等方面提供了有力支持；更重要的是，广泛动员农牧民群众成为生态建设的主体。\n延伸链条，产业富民：在有效固沙的基础上，和田着力延伸四翅滨藜的产业链条。\n饲料产业：规模化种植四翅滨藜，为当地畜牧业提供稳定、低成本的优质饲料来源，降低养殖成本，提高养殖效益。\n潜在深加工：探索四翅滨藜枝叶在饲料加工、肉苁蓉全产业链等方面的深加工潜力，进一步挖掘其经济价值。\n农民参与，赋能增收：项目鼓励并组织当地农牧民参与四翅滨藜的种植、管护、刈割、肉苁蓉采收等工作，并提供相关技术培训。这不仅有效解决了管护问题，更直接创造了大量“家门口”的就业岗位和收入来源，让农牧民在守护绿色家园的同时获得实实在在的经济回报。\n成效显现，权威认可\n经过持续努力，和田四翅滨藜治沙富民项目已取得多重显著成效：\n生态效益：项目区植被覆盖率明显提升，流沙得到有效固定，风沙危害显著减轻，区域小气候得到改善，生态环境呈现向好趋势。\n经济效益：饲草料成本的降低和畜牧业的提质增效，直接增加了项目区农牧民的收入，开辟了新的经济增长点。\n社会效益：改善了当地农牧民的生产生活条件，增强了其抵御自然灾害的能力，促进了民族团结和边疆稳定。同时，探索出的模式为同类地区提供了可复制的经验。\n杨文斌常务副会长时隔一年半后再次莅临考察并给予高度评价，是对和田地区坚定不移走生态优先、绿色发展之路，特别是“四翅滨藜治沙富民模式”在防治荒漠化与促进乡村振兴方面所取得综合性成效的权威肯定。这种模式的成功实践，证明了在生态极端脆弱的干旱荒漠区，通过科技创新和模式创新，完全能够实现生态修复、经济发展与民生改善的协同共赢。\n世界防治荒漠化日的和田启示\n在世界共同关注土地退化与干旱挑战的今天，和田地区的实践提供了一份充满希望的答卷。它生动诠释了“绿水青山就是金山银山”的理念在荒漠化防治领域的深刻内涵。以四翅滨藜为生物治沙新引擎，和田不仅锁住了风沙，更在黄沙中“种”出了绿色产业和金色希望，为全球干旱半干旱地区的可持续发展贡献了宝贵的“中国智慧”与“和田方案”。和田在防治荒漠化的故事昭示：防治荒漠化，不仅是为了生存，更是为了更美好的生活；每一片扎根于沙海的绿色，都是通往富裕与可持续未来的坚实基石。中国日报记者毛卫华｜ 刘海雄'),(676,'来源：东方网','2025-06-19 13:06:00','酷暑关怀进行时丨乌鲁木齐航空工会情系员工，夏日关怀送抵一线','一直以来，乌鲁木齐航空工会作为员工最坚实的后盾，始终坚持以人为本，用真心和真情把关爱送到每位员工身边。六月以来，乌鲁木齐航空工会持续开展夏日送清凉及护航高考活动，并增设暖心角，切实为奋战在各岗位的员工送去关心和关怀，让关爱看得见、摸得着、感受得到！\n六月伊始，全国各地开启高温模式。乌鲁木齐航空工会多次深入一线，全面开展各项员工关爱活动，传递深切关怀，以实际行动彰显对员工的温情守护。同时，长期设立“暖心角”，定时更新冰镇饮品及防暑药品，配备冰箱、饮水机等便利设施，打造“即取即得”的贴心补给站。不少员工表示：“航班间隙能喝上冰爽的绿豆水，瞬间驱散了暑气，感觉特别暖心！”据统计，2025年入夏以来，乌鲁木齐航空工会已累计开展送清凉活动3次，各类节日慰问活动6次，进行暖心角补给12次，各项关怀覆盖3582人次。\n6月18日，乌鲁木齐地区再次迎来高温天气，持续攀升的气温给一线员工带来了不小的考验。为切实保障员工身体健康，工会第一时间将一份份“凉意”精准送达员工手中。此次“送清凉”活动覆盖多个一线部门，乌鲁木齐航空副董事长兼党委书记谌姜朴、维修副总裁兼工会主席李炳毅等慰问组一行深入机坪、值机柜台、航前准备室等区域，为员工送上消暑饮品及能量补给食品，并认真倾听员工心声，详细询问近期安全生产情况，了解一线员工的心声和诉求，关心大家的工作和生活情况。针对不同岗位环境特点，物资也进行了针对性准备，工会还为户外作业员工细心准备了防暑防蚊药品，每一份心意都凝聚着公司对员工细致入微的体贴。\n不仅如此，在全国高考前夕，乌鲁木齐航空工会心系员工，情暖后方，以“娘家人”特有的细腻与温情，精心策划并实施了一项暖心行动。工会专门为子女即将参加高考的员工定制了饱含祝福的“高考关爱礼包”。这份沉甸甸的心意，不仅包含寓意深远的“万事大成”高档文具套装，为考生们的奋笔疾书增添一份吉祥与底气；更贴心地准备了承载美好祈愿的幸运符挂饰，以及清凉解暑的实用物资，细致入微地守护考生以最佳状态迎战暑热与考验。\n为激励员工子女刻苦读书，辽宁方大集团特别设立“方威励志奖学金”，对考入国内前20名、世界前50名名牌大学的方大员工子女给予奖学金资助。对获得“方威励志奖学金”遭遇疾病等困难的员工子女，还适当给予生活费资助，帮助其完成学业，这样的政策为即将踏上学业新征程的学子们提供了动力。\n未来，乌鲁木齐航空工会将持续做好员工服务工作，解决好员工关切的问题，全面提高公司文化软实力，不断增强员工幸福感、获得感和归属感。(杨明芳 陈仕佳）\n免责声明：该文章系我网转载，旨在为读者提供更多新闻资讯。所涉内容不构成投资、消费建议，仅供读者参考。'),(677,'来源：鲁网','2025-06-19 12:57:00','东智西韵融暖意！跨域协作解锁智能温控服饰 “科技+人文”新范式','近日,一项融合东西部智慧的创新成果——智能民用温控服装项目在业界引发强烈反响。该项目由伊犁中等职业技术学校与江苏援疆标杆单位无锡职业技术学院携手打造,通过 “技术+场景融合式”创新模式,实现了传统服饰工艺与现代智能科技的深度碰撞,为服装产业发展注入全新活力。\n在合作过程中,两校充分发挥各自优势,形成强大合力。无锡职业技术学院依托其在电子信息、智能控制等领域的技术积累,为项目提供了核心温控技术支持。团队研发的智能温控系统,集成了高精度温度传感器、智能芯片及柔性加热材料,能够实时感知环境温度变化,并自动调节服装温度,让穿着者在不同气候条件下都能保持舒适体感。而伊犁中等职业技术学校则凭借在民族服饰设计与制作方面的精湛工艺和深厚文化底蕴,将维吾尔族、哈萨克族等民族服饰中的绚丽图案、独特剪裁融入服装款式设计,使智能温控服装兼具科技感与浓郁的民族风情。\n据项目创始人周昭域介绍,双方采用“东西双核驱动”的创新模式,打破地域与学科壁垒。在研发过程中,两校组建联合攻关小组,通过线上线下相结合的方式,就技术难点、设计理念等展开频繁交流。从最初的方案构思到产品打样,再到最终的批量生产,每一个环节都凝聚着两校团队的智慧与汗水。经过多次技术迭代和设计优化,这款智能温控服装不仅在功能上实现了突破,在外观设计上也令人眼前一亮,真正做到了“科技为衣,文化为魂”。\n据悉,这款智能温控湿服饰采用了先进的智能体温湿自适应调控算法,能够根据穿着者的需求和环境变化自动调节服装内部的温度和湿度。通过内置的温控蓄温及除湿装置,服饰可以在温度范围为16～38摄氏度的条件下,将穿着者的体感温度稳定在舒适的22～25摄氏度之间。无论是在寒冷的冬季还是炎热的夏季,这款服饰都能为穿着者提供恒定的舒适体验。此外,这款智能温控服装的应用场景十分广泛。在日常生活中,它能够为普通消费者带来更加舒适便捷的穿着体验;在户外作业、旅游探险等特殊场景下,其稳定的温控性能可为使用者抵御严寒或酷暑;此外,该服装还具备一定的市场潜力,有望成为推动东西部产业协同发展的新引擎。\n此次东西联动打造智能温控服装项目,是职业院校响应国家战略、服务产业发展的生动实践。它不仅为传统服装产业转型升级提供了新思路,也为东西部教育资源互补、协同创新发展树立了新典范。未来,两校将继续深化合作,围绕智能穿戴领域开展更多前沿技术研发与成果转化,让科技创新更好地服务社会,为推动区域经济发展和文化繁荣贡献力量。\n免责声明：该文章系我网转载，旨在为读者提供更多新闻资讯。所涉内容不构成投资、消费建议，仅供读者参考。'),(678,'来源：中国日报网','2025-06-19 11:31:00','正式担任“国宝导游”！大熊猫妹珠喜迎一周岁生日','6月18日，大熊猫“妹珠”（乳名“妹猪”）在广州长隆野生动物世界迎来一周岁生日，在生日派对上“妹珠”正式被聘为“国宝导游”，旨在向公众传播熊猫相关知识。\n在生日庆典中，广州长隆旅游度假区总经理陈奕向妹珠颁发了刻有其正式名称“妹珠”的特别“户口本”，寓意“如珠如宝”，标志着“妹珠”之名获得官方确认，正式成为长隆熊猫家族的重要成员。同时，主办方宣布妹珠将担任“国宝导游”，未来，妹珠将通过直播、短视频等形式，“带领”公众更深入地了解大熊猫的日常生活习性以及相关的保育知识。\n在生日会上，保育团队为妹珠进行了专业的周岁体检，公布的各项指标数据和成长曲线均显示其茁壮成长，活力十足。专属保育团队代表分享了朝夕相处的点滴以及表达了骄傲与关爱，还为妹珠设计了趣味抓周仪式，现场观众反应热烈，纷纷举起镜头记录。\n据悉，目前广州长隆野生动物世界已成功构建华南地区最大规模的大熊猫迁地保育种群，拥有16只珍稀大熊猫，其中包括全球唯一存活的大熊猫三胞胎“萌帅酷”、华南地区首个大熊猫“子二代”——“隆仔”及以妹珠为代表的“萌二代”——“妹珠”。\n据介绍，多年来长隆不断攻克物种繁育、生长监护难、动物疾病防治难和自然行为保留难等世界难题，填补多个行业技术空白，创造多个第一和繁育奇迹。在长隆，大熊猫等珍稀野生动物们得到专业保育，实现了种群复壮。\n（中国日报社广东记者站 邱铨林｜关景桓）'),(679,'来源：周口网','2025-06-19 09:45:00','把赛事级台球桌“搬”入线上 6月20日美洲豹×璟点精工球台京东限量发售','6月12日-18日，第二届CBSA中式台球中国公开赛总决赛在沈阳市举行。赛事用台“合金豹”由国际顶级台球品牌美洲豹与璟点集团联合打造，将于20日在京东开启线上限量首发。此次线上发售，京东运动旨在通过扩大台球用品覆盖面，满足消费者专业级的运动器械需求，给予消费者最全最专业的体育消费服务。消费者打开京东APP搜索“合金豹台球桌”就能在线上直购专业赛事用台，下单即送美洲豹水晶球、台尼、巧克、公杆等高端配件，北京、上海等多地更可享包邮送货到门口、专人免费安装等服务。\n“合金豹”于今年5月正式发布，定位为专业级台球桌，售价超3万6千元，问世不久即作为官方比赛用台亮相于第二届CBSA中式台球中国公开赛总决赛。出色的颜值搭配一流的品质，让这款台球桌受到众多中高端台球俱乐部欢迎，5月下旬首次发售24小时内即售罄。\n过硬的品质是这款产品热销的重要原因。从外观上看，“合金豹”台球桌采用黑金配色，造型炫酷时尚，外观更显高级感。为给球桌提供稳固支撑，“合金豹”采用“L”型钢库搭配实心钢支撑框架，较传统木质台球桌，其强度与韧性实现了更大的突破。这一设计可以让击球的力量传导更稳定，击球精准度也就更高。\n高强度、高频次的击打会对球台产生一定的损耗，要保障玩家获得专业稳定的体验，球桌就要具备强悍的耐用性。“合金豹”对标高规格赛事用桌标准，库边扶手采用碳纤维包裹北美硬岩枫木组合，从而具备优越的抗冲击性。此外，“合金豹”选用高弹力强耐用的英国北方胶边，上乘的材料可以有效提升击球的反弹精度，帮助玩家精准掌握母球的走位。\n要打造一款专业级台球桌，台面的平整度和稳定性是关键。“合金豹”台面由江西九江A级50mm青石板制作，台面的平整度达职业赛事标准，可让母球走位更为精准。而响铜袋口与意大利头层小牛皮材质的巧妙组合，进球落袋时还能产生更为清脆悦耳的金属碰撞声效。\n为给台球俱乐部、专业玩家等用户提供更便捷的订购渠道，京东运动联合璟点集团打造“线上购买+线下上门安装”的服务模式。消费者可在京东随时下单，线上下单还支持选购无LED氛围灯、有LED氛围灯两种版本，足不出户即可打造专业球房。\n从满足用户高阶性能的专业级台球桌，到匹配大众需求的户外鞋服；从匹克球、陆冲、轮滑等新兴运动装备，到高尔夫、马术等经典高端项目器械，乃至覆盖户外装备、体育健身、运动鞋服等全品类商品，京东运动正持续构建全场景、全品类、全体验的商品和服务，为消费者提供最全最专业的商品。\n免责声明：该文章系我网转载，旨在为读者提供更多新闻资讯。所涉内容不构成投资、消费建议，仅供读者参考。');
/*!40000 ALTER TABLE `text_contents` ENABLE KEYS */;
UNLOCK TABLES;
/*!40103 SET TIME_ZONE=@OLD_TIME_ZONE */;

/*!40101 SET SQL_MODE=@OLD_SQL_MODE */;
/*!40014 SET FOREIGN_KEY_CHECKS=@OLD_FOREIGN_KEY_CHECKS */;
/*!40014 SET UNIQUE_CHECKS=@OLD_UNIQUE_CHECKS */;
/*!40101 SET CHARACTER_SET_CLIENT=@OLD_CHARACTER_SET_CLIENT */;
/*!40101 SET CHARACTER_SET_RESULTS=@OLD_CHARACTER_SET_RESULTS */;
/*!40101 SET COLLATION_CONNECTION=@OLD_COLLATION_CONNECTION */;
/*!40111 SET SQL_NOTES=@OLD_SQL_NOTES */;

-- Dump completed on 2025-06-20 23:48:42
